Empresa,Salario,Ciudad,Descripcion1,Descripcion2,EmpleosSimilares
KPMG SHARED SERVICES S.A.S,"$2 a $2,5 millones",Bogotá,"¿Eres un apasionado de la tecnología? En KPMG estamos interesados en personas extraordinarias, equitativas, diversas e inclusivas, es por esto por lo que abrimos las puertas de nuestro equipo para el cargo de Analista de Datos en Bogotá.

Para aplicar debes cumplir con los siguientes requisitos:
- Tecnología o Estudiante de ultimos semestres de ingeniería de sistemas, matemáticas o afines,..."," estadística, administración, finanzas o afines
- Experiencia de 6 meses o más en gestión de datos y analítica en Pyhton, gestión de datos en SQL, y visualización en PowerBI o tableau

¿Por qué trabajar con nosotros? ¿Qué te ofrecemos?


 -Contrato a término  Indefinido
- Paquete de beneficios que conocerás durante el proceso de selección.
- Oportunidades de entrenamiento y capacitación

¡En KPMG somos íntegros, éticos e inclusivos; nos destacamos por nuestra excelencia, somos valientes, ¡nos respetamos a partir de nuestras diferencias y hacemos lo que es importante! Si te identificas con nuestros valores y cumples con los requisitos, ¡Aplica ahora!","Ingeniero de datos, Analista de datos"
Empresa confidencial,"$1,5 a $2 millones",Bogotá,"Reconocida Startup busca para su equipo Científico de Datos Junior, encargado de desarrollar e implementar modelos de analítica

Formación: Estudiante de Ingeniería, estadística, matemática, finanzas, economía o afines

Experiencia: sin experiencia especifica

Alto interés por desarrollar modelos de analítica

Conocimiento:

Bases de datos (SQL, Oracle, Access,..."," etc).
R / Python
Machine Learning
Modelos analíticos
Modelos de segmentación,
Modelos de clasificación
Modelos de regresión
Data Mining,
(regresión lineal, árboles de decisiones y Random Forest)
Diseño de reportes y dashboards estratégicos en herramientas como Power BI, SSRS, Shiny R y Streamlit.",Analista de datos
Empresa confidencial,Salario a convenir,Bogotá,"Importante empresa esta en busca de Tecnólogo o Ingeniero de sistemas con experiencia sobre análisis de datos, SQL, PL/SQL y herramientas ofimáticas, mínima 1 año, conocimientos en Lenguajes de desarrollo, tecnología Ápex, PL/SQL, SQL, afinamiento en procedimientos almacenados, Office 365, Cloud (Azure).
Contrato fijo a un año",,Analista de datos
Empresa confidencial,"$3,5 a $4 millones",Bogotá,"Importante y reconocida compañía requiere para su equipo de trabajo Profesional en Estadística Matemática o a fines . Con experiencia de 2 años en procesos estadísticos. Conocimientos Requeridos: Excel Avanzado, Programación en código RStudio o Python, Power BI., (Se realiza una prueba tecnica)
Horario de lunes a viernes
Contrato Indefinido
Salario de $3.500.000 a $4.000.000",,"Analista de estadísticas, Asistente estadístico, Estadístico, Analista de datos, Científico de datos"
Empresa confidencial,"$2 a $2,5 millones",Bogotá,"Firma de auditoria y consultoria con amplia trayectoria a nivel nacional e internacional, busca para su equipo de trabajo un Analista de Datos para desempeñar funciones enfocadas a manejo de datos, generación y administración de informes, Requisitos para aplicar: • Tecnólogo o estudiante de últimos semestres de ingeniería de sistemas, ingeniería industrial, administrador de empresas, ingeniería de la información o..."," similares Experiencia de 2 años en adelante realizando análisis, procesamiento o administración de datos bajo herramientas de inteligencia de negocios (minería de datos, SQL, Power BI, Python, entre otros)  Contrato a termino indefinido, remuneración 2.000.000 y $ 3.000.000 dependiendo del perfil , Horario flexible.",Analista de datos
AUDIFARMA,Salario a convenir,Pereira,"Audifarma S.A requiere para su equipo de trabajo Analista de Datos para la cuidad de Pereira, su principal misión sera realizar estudios, análisis, proyecciones técnicas y estadísticas que brinden argumentos para la toma de decisiones estratégicas organizacionales y la transformación de modelos de negocio.
IMPORTANTE: Conocimientos en formulación y evaluación de proyectos, economía y finanzas, conocimiento..."," general en estadística y planeación estratégica
FORMACIÓN: Profesional en administración de empresas, estadística, ingeniería industrial  o a fines
CIUDAD: Pereira
CONTRATO: Indefinido",Analista de datos
Empresa confidencial,"$2,5 a $3 millones",Bogotá,"Importante multinacional especializada en brindar soluciones en talento humano, requiere para su equipo de trabajo profesional graduado de Ingeniería Industrial, ingeniería de sistemas o afines con mínimo 1 año de experiencia en conocimientos básicos en SQL y bases de datos relacionales, Python intermedio, Excel avanzado, conocimientos básicos en programas de visualización de datos, preferiblemente Power BI,..."," opcional conocimientos en Power apps y en el paquete completo de office 365.

Nivel de Excel: Intermedio
Salario:$ 2.5 - 2.7 según perfil
Contrato: Inicialmente Obra Labor, luego pasa a indefinido
Modalidad: Alternancia 
Lugar de trabajo: Bogotá","Analista de información, Analista de datos"
ADECCO COLOMBIA S A,"$3 a $3,5 millones",Bogotá,"Nos encontramos en la búsqueda de un profesional en carreras administrativas, con experiencia mínima de 2 años en análisis de información y manejo de excel avanzado.

Quien se encargará de:
Administración y análisis de información relacionada con las rutas del paciente en las Patologías Cardiovasculares y Diabetes, de las diferentes IPS y EPS identificando alertas que ayuden a generar planes..."," de acción

Análisis de los resultados terapéuticos para los productos de los portafolios cardiovasculares y Diabetes.

Creación de calculadoras para comparación de resultados financieros y en salud, con base en la data de los productos de la compañía y otros en el mercado.

Construcción de dashboard para seguimiento a penetración del canal institucional de los productos de los portafolios cardiovascular y diabetes en los diferentes países de la región.

Administración de la ejecución de los proyectos estratégicos de acceso para las unidades de negocio de Medicinas Generales

Salario Básico $3.241.754 + Aux Alimentación $340.052	

Horario: lunes a viernes de 8:00 am - 6:00 pm",Analista de datos
AUDIFARMA,Salario a convenir,Pereira,"Audifarma S.A requiere para su equipo de trabajo Analista de Datos para la cuidad de Pereira, su principal misión será realizar estudios, análisis, proyecciones técnicas y estadísticas que brinden argumentos para la toma de decisiones estratégicas organizacionales y la transformación de modelos de negocio.
IMPORTANTE: Conocimientos en formulación y evaluación de proyectos, economía y finanzas, conocimiento..."," general en estadística y planeación estratégica

FORMACIÓN: Profesional en administración de empresas, estadística, ingeniería industrial  o a fines
CIUDAD: Pereira
CONTRATO: Indefinido",Analista de datos
MANPOWER,"$4 a $4,5 millones",Bogotá,"Reconocida compañia requiere para su equipo de trabajo Analista de datos / Datamarshall con las siguientes especificaciones:
Formación: Tecnologo, estudiantes o profesional en ingenieria, estadistica, matematicas o carreras afines.
Habilidades:
Manejo avanzado de Excel.
Gestión de bases de datos.
Herramientas de tratamiento de datos.
Conocimiento:
Power..."," BI
Excel
Python
Lenguaje SQL
Herramientas de tratamiento de datos que permitan la creación de ETL.
Experiencia: Minimo 2 año de experiencia como analista de datos o datamarshall.
Salario: Basico de $ 4.000.000 + prestaciones de ley.
Horario: Lunes a viernes / Horario de oficina.
Ciudad: Bogotá.
Modalidad: Presencial.
Contrato: Indefinido / Manejo y confianza.","Arquitecto de información y análisis de datos, Analista de datos, Administrador de base de datos, Científico de datos"
fucs,"$1 a $1,5 millones",Bogotá,"Entidad de Salud de IV nivel requiere para su personal Auxiliar de Enfermería con experiencia mínima de un año en el área de Epidemiologia y Estadística, encargada de apoyar la vigilancia y el manejo de los eventos de salud pública, apoyar los procesos de registro y cargue al información de SIVIGILA. entre otras actividades. Horario de Lunes a Viernes
Buen manejo de Excel",,Auxiliar de enfermería
Nexarte,"$3 a $3,5 millones",Bogotá,"Importante empresa de servicios requiere para su equipo de trabajo profesional en carreras estadísticas o afines para desempeñar el cargo de Profesional Data estadística, debe contar con experiencia mínima de 2 años en el manejo de programación avanzada en SQL, manejo de herramientas y modelos estadísticos, conocimiento en ciclo de ingresos, experiencia en análisis y tendencias de datos.

Salario..."," $3.000.000 + Prestaciones de Ley
Horario de oficina
Contrato obra labor inicialmente por 6 meses con posibilidad de renovación",Estadístico
BANCO MUNDO MUJER,"$5,5 a $6 millones",Popayán,"¡Únete a nuestro equipo como Especialista de Estadística y Modelos!

Si eres Profesional en Estadística, Matemáticas, Economía. Deseable posgrado en áreas afines a las Finanzas, Estadística, etc. Y tienes conocimientos avanzados en herramientas ofimáticas, paquetes estadísticos como (SPSS, Modeler, entre otros), deseables conocimientos en microfinanzas, y tienes un (1) año como analistas o cargos afines..."," preferiblemente en áreas de riesgo, financiera, y que hayas tenido manejo de información estadística o base de datos, ¡Queremos conocerte! 

Ofrecemos la oportunidad de trabajar en un ambiente dinámico y colaborativo, donde la misión de cargo es Desarrollar y/o aplicar metodologías estadísticas para el análisis, seguimiento y control de Riesgo de Crédito y demás riesgos, así como elaborar los informes y reportes relacionados con el seguimiento a la cartera, la construcción de pruebas y escenarios de estrés y el impacto que pueda tener indicadores macroeconómicos, en especial sobre los segmentos que atiende el Banco.","Analista de estadísticas, Estadístico, Matemático"
BANCO DE BOGOTA,"$4 a $4,5 millones",Bogotá,"Hola! En Banco de Bogotá nos transformamos y queremos que seas nuestro próximo #Banboger en el rol de Analista de Datos.

Actualmente estamos trabajando en una infinidad de proyectos de los cuales tu puedes hacer parte y mostrar todas aquella habilidades que tienes en Excel, Power BI y Python de la mano con el área de Talento Humano.

te ofrecemos:

modalidad hibrida
beneficios..."," imperdibles
Espacios y actividades de bienestar super wow
plan carrera y mucho mas.

así que no lo dudes y bríndate la oportunidad de crecer y crear momentos memorables con nosotros.",Analista de datos
Empresa confidencial,Salario a convenir,Bogotá,"¡Te queremos en nuestro equipo!

""Nuestro propósito y lo que nos motiva día a día para ser los mejores en lo que hacemos es: “Cuidar de ti y crecer cuidando cada día, de más personas en el mundo”

¿Qué harás?

Realizar análisis completo de datos, ciclo de vida dese el análisis de datos, origen de datos, integración, almacenamiento y consumo. definiendo necesidades de datos específicas..."," para soluciones analíticas y de reportes. Desarrollar e implementar modelos de datos asociados para admitir la visualización de datos, reportes y análisis avanzados.

Requisitos

•	Ser profesional en carreras de Ingeniería de Sistemas / Ciencias Computacionales o áreas afines.
•	Contar con especialización en Análisis de Datos / Inteligencia de Negocios
•	Experiencia de 3 años con historial probado de éxito, desarrollando e implementando soluciones analíticas y de datos.  
•	Experiencia con herramientas de visualización de datos.

Conocimientos

•	Transformación de datos (ETL / ELT), consultas con SQL, Bases de datos.
•	Herramientas de visualización Tableau, Qlik View/Sense o PowerBI. Conocimiento de sistemas de codificación clínica.		
					
 ¡Es tú oportunidad!","Ingeniero industrial, Ingeniero de datos, Analista de datos, Ingeniero de sistemas"
Elite Flower,Salario a convenir,Bogotá,"Estamos buscando un profesional en estadística para el equipo de producción encargado de realizar el análisis de un gran volumen de datos (Big data) y desarrolle modelos matemáticos aplicables a nuestro sistema productivo

Las funciones principales serán:
Manejo de estadística descriptiva e inferencial
Aplicación de técnicas de muestreo
Análisis multivariado
Desarrollo de modelos..."," predictivos
Construcción y contrastes de hipótesis
Diseño y evaluación de experimentos

Formación:
Estadístico profesional graduado
Experiencia preferible en el sector Agro",Estadístico
Empresa confidencial,"$2 a $2,5 millones",Bogotá,"Importante empresa del sector industrial requiere para su equipo de trabajo profesional en Ingeniería industrial, Administración de Empresas, Economía o carreras afines.

Experiencia mínima de 2 años en cargos relacionados manejo de datos en empresas grandes de manufactura o sector consumo masivo (preferiblemente) en áreas de Supply Chain.

Conocimientos específicos en:
*Generación o..."," desarrollo de procesamientos de datos que de valor al negocio por medio del
  análisis, desarrollo, proyecciones, datos de mercado y componentes del mismo, Modelos 
  estadísticos de análisis de cifras, calidad del datos.
* Manejo avanzado de Excel
* Power BI intermedio
* Conocimiento en administración y gestión de bases de datos
* Conocimientos de Gestión Comercial y de Mercados
* Indicadores de Mercado (Margen, Participación) - KPI's 

Horario: Lunes a Viernes 100% presencial
Contrato directo con la compañía + beneficios","Analista de inteligencia de negocios, Analista de datos"
COOPETROL,"$2,5 a $3 millones",Bogotá,"Queremos gente como tú

Cuál será tu desafío: Generar y analizar reportes e indicadores del desarrollo de las metas comerciales, permitiendo a la dirección tomar decisiones basados en criterios que permitan apalancar las objetivos estratégicos

Requisitos: Profesional en Ingeniería industrial, administración de empresas, mercadeo; con experiencia en elaboración, análisis y seguimiento de..."," indicadores financieros y comerciales, minería de datos, indicadores de gestión y manejo de herramientas ofimáticas.

Horario Lunes a viernes 7.30am - 5.30pm / Un sábado al mes   
Salario: $2.849.900
Contrato fijo a 4 meses pasa indefinido al año. 
Beneficios extralegales: Bono incentivo a la salud, Auxilio de educación, Póliza de vida, Auxilio de medicina prepagada.","Analista financiero, Analista de datos"
Empresa confidencial,"$1,5 a $2 millones",Cartagena,"Importante empresa de logística y transporte solicita profesional para:
• Actualización diaria de indicadores, de acuerdo al proceso asignado ( Conocimiento Avanzado de Excel - Basico o intermedio Power Bi)
• Enviar reporte de indicadores equipo correspondiente.
• Actualizar herramienta de acuerdo al proceso asignado.
• Realizar COPAC del proceso asignado.
• Seguimiento y..."," desarrollo de actividades que se establecen en las reuniones.
•	Crear, presentar y explicar la presentación para la JSA, de acuerdo al proceso asignado.
•	Realizar reuniones semanales con los lideres de proceso, de acuerdo al proceso asignado.",Analista de datos
DICHTER NEIRA,"$2 a $2,5 millones",Bogotá,"Requisitos:
Excel: Intermedio - Avanzado
Analítico
Deseable: Experiencia en Marketing, Análisis de datos e investigación

Estudios
Administración de Empresas
Mercadeo
Ing. Industrial",,"Asistente estadístico, Asistente comercial"
COOPETROL,"$2,5 a $3 millones",Bogotá,"Queremos gente como tú

Cuál será tu desafío: Generar y analizar reportes e indicadores del desarrollo de las metas comerciales, permitiendo a la dirección tomar decisiones basados en criterios que permitan apalancar las objetivos estratégicos

Requisitos: Profesional en Ingeniería industrial, administración de empresas, mercadeo; con experiencia en elaboración, análisis y seguimiento de..."," indicadores financieros y comerciales, minería de datos, indicadores de gestión y manejo de herramientas ofimáticas, preferiblemente POWER BI. 

Horario Lunes a viernes 7.30am - 5.30pm / Un sábado al mes   
Salario: $2.849.900
Contrato fijo a 4 meses pasa indefinido al año. 
Beneficios extralegales: Bono incentivo a la salud, Auxilio de educación, Póliza de vida, Auxilio de medicina prepagada.","Analista financiero, Analista de datos"
WOBI COLOMBIA S.A.S,"$1,5 a $2 millones",Bogotá,"Descripción del perfil:
Buscamos estudiantes de últimos semestres o recién egresados de carreras asociadas con administración de empresas o ingeniería industrial, con conocimiento en el CRM Salesforce y manejo de LinkedIn, para realizar revisión y validación y actualización de base de datos.
Indispensable manejo de Excel y experiencia en servicio al Cliente

Funciones del puesto:
Apoyo..."," comercial para oficinas internacionales de la empresa. La persona elegida será encargada de realizar revisión de datos, actualización de la base de datos de la empresa vía linkedIn y llamada solo en países con habla hispana. 
(La venta será llevada a cabo por el equipo local de WOBI y no hace parte del rol en cuestión)

Las tareas laborales consisten en: 
Búsqueda de personas de contacto en LinkedIn
Actualización de base de datos en CRM Salesforce
Validación de datos de contacto via llamada
Seguimiento de métricas y desempeño

Ubicación: Av. Cra. 45 # 108 – 27, Bogotá D.C.
Horario: Lunes a viernes de 8:00 am a 5:00 pm
Disponibilidad para empezar a trabajar: Inmediata
Nombre de la empresa: Wobi Colombia",Analista de datos
BANCO DE BOGOTA,Salario a convenir,Bogotá,"Requisitos Mínimos:

- Profesional, preferiblemente en Ingeniería Industrial, Ingeniería de Sistemas, Administración de Empresas, Economía, Matemáticas, Física.
-Conocimientos en paquete office.
-Capacidad Analítica, Minería de Datos, Programación.
-Habilidades en el establecimiento de relaciones productivas, comunicación clara y efectiva, destreza en la redacción de documentos, actitud de..."," servicio.
-Indispensable manejar R, SQL, Python, manejo de librería scikit-learn y algoritmos de machine learning
-Experiencia mínima de dos años en el Análisis de datos del proceso de riesgo crediticio para persona Natural y Empresas. 

OBJETIVO DEL CARGO

•	Administrar las herramientas de medición, encargándose de calibrar y mantener los modelos de riesgo crediticio, desarrollando las pruebas de efectividad y eficiencia necesarias y de desarrollar y hacer mantenimiento de modelos de valor en riesgo para la cuantificación de riesgos de tesorería, así como cuantificar las relaciones entre riesgo crediticio y de tesorería.
•	Desarrollar otros análisis cuantitativos aplicados que el Banco requiera como modelos de scoring de crédito de entrada, scoring de crédito de comportamiento, scoring de cobranzas y scoring de deserción, entre otros.
•	Evaluar los resultados de los indicadores, detectar desviaciones, analizar causalidades y recomendar acciones correctivas pertinentes.","Analista de crédito, Analista financiero, Analista de datos"
EMTELCO,"$4,5 a $5,5 millones",Medellín,"Descripción del cargo: Responsable de emitir informes y reportes estadísticos conforme a los servicios requeridos en el apartado, análisis de datos y reportes, con el fin de realizar recomendaciones y obtener insights que permitan mejorar los procesos y la experiencia de los clientes.

Formación académica necesaria: Profesional en el área de Estadística.
Experiencia laboral necesaria: Mínimo un (1)..."," año, a partir de la expedición de la tarjeta profesional, en manejo de SPSS o R para análisis de mallas de validación y análisis de resultados de encuesta

Salario: $ 4.864.650 
Convenios financieros
Excelente Ambienta Laboral

Nuestro proceso de selección es 100% virtual, ¡te invitamos a estar muy pendiente de tu correo y teléfono! !Anímate! No dejes pasar esta oportunidad",Analista de estadísticas
,,,," año, a partir de la expedición de la tarjeta profesional, en manejo de SPSS o R para análisis de mallas de validación y análisis de resultados de encuesta

Salario: $ 4.864.650 
Convenios financieros
Excelente Ambienta Laboral

Nuestro proceso de selección es 100% virtual, ¡te invitamos a estar muy pendiente de tu correo y teléfono! !Anímate! No dejes pasar esta oportunidad",
