Empresa,Salario,Ciudad,Descripcion1,Descripcion2,EmpleosSimilares
KPMG SHARED SERVICES S.A.S,"$2 a $2,5 millones",Bogotá,"¿Eres un apasionado de la tecnología? En KPMG estamos interesados en personas extraordinarias, equitativas, diversas e inclusivas, es por esto por lo que abrimos las puertas de nuestro equipo para el cargo de Analista de Datos en Bogotá.

Para aplicar debes cumplir con los siguientes requisitos:
- Tecnología o Estudiante de ultimos semestres de ingeniería de sistemas, matemáticas o afines,..."," estadística, administración, finanzas o afines
- Experiencia de 6 meses o más en gestión de datos y analítica en Pyhton, gestión de datos en SQL, y visualización en PowerBI o tableau

¿Por qué trabajar con nosotros? ¿Qué te ofrecemos?


 -Contrato a término  Indefinido
- Paquete de beneficios que conocerás durante el proceso de selección.
- Oportunidades de entrenamiento y capacitación

¡En KPMG somos íntegros, éticos e inclusivos; nos destacamos por nuestra excelencia, somos valientes, ¡nos respetamos a partir de nuestras diferencias y hacemos lo que es importante! Si te identificas con nuestros valores y cumples con los requisitos, ¡Aplica ahora!","Ingeniero de datos, Analista de datos"
Empresa confidencial,"$1,5 a $2 millones",Bogotá,"Reconocida Startup busca para su equipo Científico de Datos Junior, encargado de desarrollar e implementar modelos de analítica

Formación: Estudiante de Ingeniería, estadística, matemática, finanzas, economía o afines

Experiencia: sin experiencia especifica

Alto interés por desarrollar modelos de analítica

Conocimiento:

Bases de datos (SQL, Oracle, Access,..."," etc).
R / Python
Machine Learning
Modelos analíticos
Modelos de segmentación,
Modelos de clasificación
Modelos de regresión
Data Mining,
(regresión lineal, árboles de decisiones y Random Forest)
Diseño de reportes y dashboards estratégicos en herramientas como Power BI, SSRS, Shiny R y Streamlit.",Analista de datos
Empresa confidencial,Salario a convenir,Bogotá,"Importante empresa esta en busca de Tecnólogo o Ingeniero de sistemas con experiencia sobre análisis de datos, SQL, PL/SQL y herramientas ofimáticas, mínima 1 año, conocimientos en Lenguajes de desarrollo, tecnología Ápex, PL/SQL, SQL, afinamiento en procedimientos almacenados, Office 365, Cloud (Azure).
Contrato fijo a un año",,Analista de datos
Empresa confidencial,"$2 a $2,5 millones",Bogotá,"Firma de auditoria y consultoria con amplia trayectoria a nivel nacional e internacional, busca para su equipo de trabajo un Analista de Datos para desempeñar funciones enfocadas a manejo de datos, generación y administración de informes, Requisitos para aplicar: • Tecnólogo o estudiante de últimos semestres de ingeniería de sistemas, ingeniería industrial, administrador de empresas, ingeniería de la información o..."," similares Experiencia de 2 años en adelante realizando análisis, procesamiento o administración de datos bajo herramientas de inteligencia de negocios (minería de datos, SQL, Power BI, Python, entre otros)  Contrato a termino indefinido, remuneración 2.000.000 y $ 3.000.000 dependiendo del perfil , Horario flexible.",Analista de datos
Empresa confidencial,"$3,5 a $4 millones",Bogotá,"Importante y reconocida compañía requiere para su equipo de trabajo Profesional en Estadística Matemática o a fines . Con experiencia de 2 años en procesos estadísticos. Conocimientos Requeridos: Excel Avanzado, Programación en código RStudio o Python, Power BI., (Se realiza una prueba tecnica)
Horario de lunes a viernes
Contrato Indefinido
Salario de $3.500.000 a $4.000.000",,"Analista de estadísticas, Asistente estadístico, Estadístico, Analista de datos, Científico de datos"
Empresa confidencial,"$3 a $3,5 millones",Bogotá,"Misión: Analizar y procesar datos de las diferentes plataformas y fuentes de datos educativos para elaborar reportes sistemáticos y periódicos que revelen información valiosa para el negocio. Proveer insights, alertas y recomendaciones de acuerdo con el análisis de los datos.

Estudios y experiencia: Licenciado o profesional en el Núcleo Básico del Conocimiento de pregrados afines a Ciencias Sociales y..."," Humanas o Ciencias Naturales y exactas. Preferiblemente con estudios de postgrado en áreas de la Educación. Experiencia mínima de 2 años en la elaboración de reportes y preferiblemente en el campo de la educación.

Conocimientos específicos: Manejo de herramientas Office, Excel AVANZADO, conocimiento básico de Power BI , Inglés pre-intermedio

Habilidades: Excelentes habilidades comunicativas, creatividad, orientación al logro y flexibilidad","Administrador de empresas, Ingeniero industrial, Ingeniero de datos, Ingeniero de sistemas"
AUDIFARMA,Salario a convenir,Pereira,"Audifarma S.A requiere para su equipo de trabajo Analista de Datos para la cuidad de Pereira, su principal misión sera realizar estudios, análisis, proyecciones técnicas y estadísticas que brinden argumentos para la toma de decisiones estratégicas organizacionales y la transformación de modelos de negocio.
IMPORTANTE: Conocimientos en formulación y evaluación de proyectos, economía y finanzas, conocimiento..."," general en estadística y planeación estratégica
FORMACIÓN: Profesional en administración de empresas, estadística, ingeniería industrial  o a fines
CIUDAD: Pereira
CONTRATO: Indefinido",Analista de datos
Empresa confidencial,"$2,5 a $3 millones",Bogotá,"Importante multinacional especializada en brindar soluciones en talento humano, requiere para su equipo de trabajo profesional graduado de Ingeniería Industrial, ingeniería de sistemas o afines con mínimo 1 año de experiencia en conocimientos básicos en SQL y bases de datos relacionales, Python intermedio, Excel avanzado, conocimientos básicos en programas de visualización de datos, preferiblemente Power BI,..."," opcional conocimientos en Power apps y en el paquete completo de office 365.

Nivel de Excel: Intermedio
Salario:$ 2.5 - 2.7 según perfil
Contrato: Inicialmente Obra Labor, luego pasa a indefinido
Modalidad: Alternancia 
Lugar de trabajo: Bogotá","Analista de información, Analista de datos"
ADECCO COLOMBIA S A,"$3 a $3,5 millones",Bogotá,"Nos encontramos en la búsqueda de un profesional en carreras administrativas, con experiencia mínima de 2 años en análisis de información y manejo de excel avanzado.

Quien se encargará de:
Administración y análisis de información relacionada con las rutas del paciente en las Patologías Cardiovasculares y Diabetes, de las diferentes IPS y EPS identificando alertas que ayuden a generar planes..."," de acción

Análisis de los resultados terapéuticos para los productos de los portafolios cardiovasculares y Diabetes.

Creación de calculadoras para comparación de resultados financieros y en salud, con base en la data de los productos de la compañía y otros en el mercado.

Construcción de dashboard para seguimiento a penetración del canal institucional de los productos de los portafolios cardiovascular y diabetes en los diferentes países de la región.

Administración de la ejecución de los proyectos estratégicos de acceso para las unidades de negocio de Medicinas Generales

Salario Básico $3.241.754 + Aux Alimentación $340.052	

Horario: lunes a viernes de 8:00 am - 6:00 pm",Analista de datos
AUDIFARMA,Salario a convenir,Pereira,"Audifarma S.A requiere para su equipo de trabajo Analista de Datos para la cuidad de Pereira, su principal misión será realizar estudios, análisis, proyecciones técnicas y estadísticas que brinden argumentos para la toma de decisiones estratégicas organizacionales y la transformación de modelos de negocio.
IMPORTANTE: Conocimientos en formulación y evaluación de proyectos, economía y finanzas, conocimiento..."," general en estadística y planeación estratégica

FORMACIÓN: Profesional en administración de empresas, estadística, ingeniería industrial  o a fines
CIUDAD: Pereira
CONTRATO: Indefinido",Analista de datos
MANPOWER,"$4 a $4,5 millones",Bogotá,"Reconocida compañia requiere para su equipo de trabajo Analista de datos / Datamarshall con las siguientes especificaciones:
Formación: Tecnologo, estudiantes o profesional en ingenieria, estadistica, matematicas o carreras afines.
Habilidades:
Manejo avanzado de Excel.
Gestión de bases de datos.
Herramientas de tratamiento de datos.
Conocimiento:
Power..."," BI
Excel
Python
Lenguaje SQL
Herramientas de tratamiento de datos que permitan la creación de ETL.
Experiencia: Minimo 2 año de experiencia como analista de datos o datamarshall.
Salario: Basico de $ 4.000.000 + prestaciones de ley.
Horario: Lunes a viernes / Horario de oficina.
Ciudad: Bogotá.
Modalidad: Presencial.
Contrato: Indefinido / Manejo y confianza.","Arquitecto de información y análisis de datos, Analista de datos, Administrador de base de datos, Científico de datos"
fucs,"$1 a $1,5 millones",Bogotá,"Entidad de Salud de IV nivel requiere para su personal Auxiliar de Enfermería con experiencia mínima de un año en el área de Epidemiologia y Estadística, encargada de apoyar la vigilancia y el manejo de los eventos de salud pública, apoyar los procesos de registro y cargue al información de SIVIGILA. entre otras actividades. Horario de Lunes a Viernes
Buen manejo de Excel",,Auxiliar de enfermería
Nexarte,"$3 a $3,5 millones",Bogotá,"Importante empresa de servicios requiere para su equipo de trabajo profesional en carreras estadísticas o afines para desempeñar el cargo de Profesional Data estadística, debe contar con experiencia mínima de 2 años en el manejo de programación avanzada en SQL, manejo de herramientas y modelos estadísticos, conocimiento en ciclo de ingresos, experiencia en análisis y tendencias de datos.

Salario..."," $3.000.000 + Prestaciones de Ley
Horario de oficina
Contrato obra labor inicialmente por 6 meses con posibilidad de renovación",Estadístico
BANCO MUNDO MUJER,"$5,5 a $6 millones",Popayán,"¡Únete a nuestro equipo como Especialista de Estadística y Modelos!

Si eres Profesional en Estadística, Matemáticas, Economía. Deseable posgrado en áreas afines a las Finanzas, Estadística, etc. Y tienes conocimientos avanzados en herramientas ofimáticas, paquetes estadísticos como (SPSS, Modeler, entre otros), deseables conocimientos en microfinanzas, y tienes un (1) año como analistas o cargos afines..."," preferiblemente en áreas de riesgo, financiera, y que hayas tenido manejo de información estadística o base de datos, ¡Queremos conocerte! 

Ofrecemos la oportunidad de trabajar en un ambiente dinámico y colaborativo, donde la misión de cargo es Desarrollar y/o aplicar metodologías estadísticas para el análisis, seguimiento y control de Riesgo de Crédito y demás riesgos, así como elaborar los informes y reportes relacionados con el seguimiento a la cartera, la construcción de pruebas y escenarios de estrés y el impacto que pueda tener indicadores macroeconómicos, en especial sobre los segmentos que atiende el Banco.","Analista de estadísticas, Estadístico, Matemático"
Empresa confidencial,Salario a convenir,Bogotá,"¡Te queremos en nuestro equipo!

""Nuestro propósito y lo que nos motiva día a día para ser los mejores en lo que hacemos es: “Cuidar de ti y crecer cuidando cada día, de más personas en el mundo”

¿Qué harás?

Realizar análisis completo de datos, ciclo de vida dese el análisis de datos, origen de datos, integración, almacenamiento y consumo. definiendo necesidades de datos específicas..."," para soluciones analíticas y de reportes. Desarrollar e implementar modelos de datos asociados para admitir la visualización de datos, reportes y análisis avanzados.

Requisitos

•	Ser profesional en carreras de Ingeniería de Sistemas / Ciencias Computacionales o áreas afines.
•	Contar con especialización en Análisis de Datos / Inteligencia de Negocios
•	Experiencia de 3 años con historial probado de éxito, desarrollando e implementando soluciones analíticas y de datos.  
•	Experiencia con herramientas de visualización de datos.

Conocimientos

•	Transformación de datos (ETL / ELT), consultas con SQL, Bases de datos.
•	Herramientas de visualización Tableau, Qlik View/Sense o PowerBI. Conocimiento de sistemas de codificación clínica.		
					
 ¡Es tú oportunidad!","Ingeniero industrial, Ingeniero de datos, Analista de datos, Ingeniero de sistemas"
BANCO DE BOGOTA,"$4 a $4,5 millones",Bogotá,"Hola! En Banco de Bogotá nos transformamos y queremos que seas nuestro próximo #Banboger en el rol de Analista de Datos.

Actualmente estamos trabajando en una infinidad de proyectos de los cuales tu puedes hacer parte y mostrar todas aquella habilidades que tienes en Excel, Power BI y Python de la mano con el área de Talento Humano.

te ofrecemos:

modalidad hibrida
beneficios..."," imperdibles
Espacios y actividades de bienestar super wow
plan carrera y mucho mas.

así que no lo dudes y bríndate la oportunidad de crecer y crear momentos memorables con nosotros.",Analista de datos
Empresa confidencial,"$2 a $2,5 millones",Bogotá,"Importante empresa del sector industrial requiere para su equipo de trabajo profesional en Ingeniería industrial, Administración de Empresas, Economía o carreras afines.

Experiencia mínima de 2 años en cargos relacionados manejo de datos en empresas grandes de manufactura o sector consumo masivo (preferiblemente) en áreas de Supply Chain.

Conocimientos específicos en:
*Generación o..."," desarrollo de procesamientos de datos que de valor al negocio por medio del
  análisis, desarrollo, proyecciones, datos de mercado y componentes del mismo, Modelos 
  estadísticos de análisis de cifras, calidad del datos.
* Manejo avanzado de Excel
* Power BI intermedio
* Conocimiento en administración y gestión de bases de datos
* Conocimientos de Gestión Comercial y de Mercados
* Indicadores de Mercado (Margen, Participación) - KPI's 

Horario: Lunes a Viernes 100% presencial
Contrato directo con la compañía + beneficios","Analista de inteligencia de negocios, Analista de datos"
Elite Flower,Salario a convenir,Bogotá,"Estamos buscando un profesional en estadística para el equipo de producción encargado de realizar el análisis de un gran volumen de datos (Big data) y desarrolle modelos matemáticos aplicables a nuestro sistema productivo

Las funciones principales serán:
Manejo de estadística descriptiva e inferencial
Aplicación de técnicas de muestreo
Análisis multivariado
Desarrollo de modelos..."," predictivos
Construcción y contrastes de hipótesis
Diseño y evaluación de experimentos

Formación:
Estadístico profesional graduado
Experiencia preferible en el sector Agro",Estadístico
Empresa confidencial,"$1,5 a $2 millones",Cartagena,"Importante empresa de logística y transporte solicita profesional para:
• Actualización diaria de indicadores, de acuerdo al proceso asignado ( Conocimiento Avanzado de Excel - Basico o intermedio Power Bi)
• Enviar reporte de indicadores equipo correspondiente.
• Actualizar herramienta de acuerdo al proceso asignado.
• Realizar COPAC del proceso asignado.
• Seguimiento y..."," desarrollo de actividades que se establecen en las reuniones.
•	Crear, presentar y explicar la presentación para la JSA, de acuerdo al proceso asignado.
•	Realizar reuniones semanales con los lideres de proceso, de acuerdo al proceso asignado.",Analista de datos
COOPETROL,"$2,5 a $3 millones",Bogotá,"Queremos gente como tú

Cuál será tu desafío: Generar y analizar reportes e indicadores del desarrollo de las metas comerciales, permitiendo a la dirección tomar decisiones basados en criterios que permitan apalancar las objetivos estratégicos

Requisitos: Profesional en Ingeniería industrial, administración de empresas, mercadeo; con experiencia en elaboración, análisis y seguimiento de..."," indicadores financieros y comerciales, minería de datos, indicadores de gestión y manejo de herramientas ofimáticas.

Horario Lunes a viernes 7.30am - 5.30pm / Un sábado al mes   
Salario: $2.849.900
Contrato fijo a 4 meses pasa indefinido al año. 
Beneficios extralegales: Bono incentivo a la salud, Auxilio de educación, Póliza de vida, Auxilio de medicina prepagada.","Analista financiero, Analista de datos"
DICHTER NEIRA,"$2 a $2,5 millones",Bogotá,"Requisitos:
Excel: Intermedio - Avanzado
Analítico
Deseable: Experiencia en Marketing, Análisis de datos e investigación

Estudios
Administración de Empresas
Mercadeo
Ing. Industrial",,"Asistente estadístico, Asistente comercial"
WOBI COLOMBIA S.A.S,"$1,5 a $2 millones",Bogotá,"Descripción del perfil:
Buscamos estudiantes de últimos semestres o recién egresados de carreras asociadas con administración de empresas o ingeniería industrial, con conocimiento en el CRM Salesforce y manejo de LinkedIn, para realizar revisión y validación y actualización de base de datos.
Indispensable manejo de Excel y experiencia en servicio al Cliente

Funciones del puesto:
Apoyo..."," comercial para oficinas internacionales de la empresa. La persona elegida será encargada de realizar revisión de datos, actualización de la base de datos de la empresa vía linkedIn y llamada solo en países con habla hispana. 
(La venta será llevada a cabo por el equipo local de WOBI y no hace parte del rol en cuestión)

Las tareas laborales consisten en: 
Búsqueda de personas de contacto en LinkedIn
Actualización de base de datos en CRM Salesforce
Validación de datos de contacto via llamada
Seguimiento de métricas y desempeño

Ubicación: Av. Cra. 45 # 108 – 27, Bogotá D.C.
Horario: Lunes a viernes de 8:00 am a 5:00 pm
Disponibilidad para empezar a trabajar: Inmediata
Nombre de la empresa: Wobi Colombia",Analista de datos
COOPETROL,"$2,5 a $3 millones",Bogotá,"Queremos gente como tú

Cuál será tu desafío: Generar y analizar reportes e indicadores del desarrollo de las metas comerciales, permitiendo a la dirección tomar decisiones basados en criterios que permitan apalancar las objetivos estratégicos

Requisitos: Profesional en Ingeniería industrial, administración de empresas, mercadeo; con experiencia en elaboración, análisis y seguimiento de..."," indicadores financieros y comerciales, minería de datos, indicadores de gestión y manejo de herramientas ofimáticas, preferiblemente POWER BI. 

Horario Lunes a viernes 7.30am - 5.30pm / Un sábado al mes   
Salario: $2.849.900
Contrato fijo a 4 meses pasa indefinido al año. 
Beneficios extralegales: Bono incentivo a la salud, Auxilio de educación, Póliza de vida, Auxilio de medicina prepagada.","Analista financiero, Analista de datos"
BANCO DE BOGOTA,Salario a convenir,Bogotá,"Requisitos Mínimos:

- Profesional, preferiblemente en Ingeniería Industrial, Ingeniería de Sistemas, Administración de Empresas, Economía, Matemáticas, Física.
-Conocimientos en paquete office.
-Capacidad Analítica, Minería de Datos, Programación.
-Habilidades en el establecimiento de relaciones productivas, comunicación clara y efectiva, destreza en la redacción de documentos, actitud de..."," servicio.
-Indispensable manejar R, SQL, Python, manejo de librería scikit-learn y algoritmos de machine learning
-Experiencia mínima de dos años en el Análisis de datos del proceso de riesgo crediticio para persona Natural y Empresas. 

OBJETIVO DEL CARGO

•	Administrar las herramientas de medición, encargándose de calibrar y mantener los modelos de riesgo crediticio, desarrollando las pruebas de efectividad y eficiencia necesarias y de desarrollar y hacer mantenimiento de modelos de valor en riesgo para la cuantificación de riesgos de tesorería, así como cuantificar las relaciones entre riesgo crediticio y de tesorería.
•	Desarrollar otros análisis cuantitativos aplicados que el Banco requiera como modelos de scoring de crédito de entrada, scoring de crédito de comportamiento, scoring de cobranzas y scoring de deserción, entre otros.
•	Evaluar los resultados de los indicadores, detectar desviaciones, analizar causalidades y recomendar acciones correctivas pertinentes.","Analista de crédito, Analista financiero, Analista de datos"
EMTELCO,"$4,5 a $5,5 millones",Medellín,"Descripción del cargo: Responsable de emitir informes y reportes estadísticos conforme a los servicios requeridos en el apartado, análisis de datos y reportes, con el fin de realizar recomendaciones y obtener insights que permitan mejorar los procesos y la experiencia de los clientes.

Formación académica necesaria: Profesional en el área de Estadística.
Experiencia laboral necesaria: Mínimo un (1)..."," año, a partir de la expedición de la tarjeta profesional, en manejo de SPSS o R para análisis de mallas de validación y análisis de resultados de encuesta

Salario: $ 4.864.650 
Convenios financieros
Excelente Ambienta Laboral

Nuestro proceso de selección es 100% virtual, ¡te invitamos a estar muy pendiente de tu correo y teléfono! !Anímate! No dejes pasar esta oportunidad",Analista de estadísticas
Compensar,Menos de $1 millón,Bogotá,Eres estudiante de últimos semestres ¡Esta convocatoria es para ti! ...Compensar busca practicantes de estadística. Las personas interesadas deben contar con el aval de la Universidad donde se encuentra estudiando. CONTRATO: Aprendizaje SALARIO: Mínimo Legal vigente + salud + ARL.,,
Compensar,Menos de $1 millón,Bogotá,Eres estudiante de últimos semestres ¡Esta convocatoria es para ti! ...Compensar busca practicantes de estadística. Las personas interesadas deben contar con el aval de la Universidad donde se encuentra estudiando. CONTRATO: Aprendizaje SALARIO: Mínimo Legal vigente + salud + ARL.,,
Servicio de empleo Comfama,Salario a convenir,Medellín,"Compañía de servicios financieros, busca para su equipo de trabajo tecnologo/a o estudiante de carreras afines con las estadísticas, análisis de datos, economía o finanzas, con capacidad de trabajo en equipo, orientación al logro, proactividad y gran capacidad de análisis, con mnimo 3 años de experiencia en generación de estadísticas para la construcción de KPI’s, toma de decisiones gerenciales.

Misión del..."," cargo: Generar estadísticas e informes que aporten a la construcción de Kpis y permitan la toma de decisiones gerenciales. Habilidades:- Manejo de excel - nivel Intermedio / avanzado.- Persona analítica, apasionada por los números.- Competencias profesionales y sociales:- Habilidad numérica y analítica- Conocimientos estadísticos- Comunicación asertiva- Trabajo en equipo- Toma de decisionesResponsabilidades y funciones:- Construcción, elaboración, y análisis de informes contables, financieros y comerciales.- Construcción de KPis.- Elaboración de dashboard, con el fin de mantener información actualizada para la junta directiva y la gerencia. Salario Básico: $2.000.000Tipo de Contrato: término Indefinido.Jornada laboral: lunes a viernes 7:30 a.m. – 5:30 p.m.Lugar de trabajo: Medellín",
Empresa confidencial,Salario a convenir,Bogotá,"¡Te queremos en nuestro equipo!

""Nuestro propósito y lo que nos motiva día a día para ser los mejores en lo que hacemos es: “Cuidar de ti y crecer cuidando cada día, de más personas en el mundo”

¿Qué harás?

Gestionar la implementación y operación de las soluciones de Datos y Analítica para USA, su foco principal está en la gestión de iniciativas de implementación de modelos de datos..."," para habilitar la visualización de datos, reportes y análisis avanzados. Sin embargo, gestiona integralmente las iniciativas a su cargo relacionadas con Gestión de Datos, Gobierno de Datos y Analítica descriptiva y predictiva.

Requisitos

•	Ser profesional en carreras Ingeniería de Sistemas / Ciencias Computacionales / Estadística / Matemáticas / Ingeniería Industrial y carreras afines 
•	Contar con nivel de inglés conversacional B2
•	Experiencia de 5 años en historial probado de éxito, desarrollando e implementando soluciones analíticas y de datos.  
•	Experiencia mínima en manejo de soluciones o procesos de gobierno de datos
•	Experiencia liderando proyectos de datos y analítica
•	Experiencia con herramientas de visualización de datos (Deseable experiencia en el sector salud).

Conocimientos

•	Transformación de datos (ETL / ELT). consultas con SQL, Bases de datos
•	Herramientas de visualización como QuickSight (Deseable), Looker/Looker Studio (Deseable), Qlik View/Sense,Tableau,PowerBI. Conocimiento de sistemas de codificación clínica.	
•	Conocimiento en desarrollar herramientas Querys básicos en My SQL y herramientas de BI, debe saber AWS - Consultar y administrar bases de datos
•	Deseable: Ciencia de datos, estadísticas descriptiva, predictiva, minería de datos, machine learning / Gobierno de Datos: Seguridad, Calidad, Interoperabilidad, entre otros.
										
 ¡Es tú oportunidad!","Estadístico, Ingeniero industrial, Matemático, Ingeniero de sistemas"
Compensar,"$1 a $1,5 millones",Bogotá,"Eres estudiante de últimos semestres ¡Esta convocatoria es para ti! ...Compensar busca practicantes de ESTADÍSTICA Y MATEMÁTICAS. Las personas interesadas deben contar con el aval de la Universidad donde se encuentran estudiando.
CONTRATO: Aprendizaje
SALARIO: Mínimo Legal vigente + salud + ARL.",,"Analista de estadísticas, Estadístico"
UNIMINUTO,"$4,5 a $5,5 millones",Bogotá,"Importante institución de educación superior requiere para su equipo de trabajo COORD. ESP ESTADISTICA Y EVAL. EDUCATIVA, su misión será Aplicar o desarrollar métodos estadísticos y psicométricos para garantizar la calidad de los diseños de los instrumentos de evaluación, identificar el progreso y el nivel de desempeño de los estudiantes a lo largo de su proceso formativo y medir la contribución de la Institución y..."," los programas en el logro de los aprendizajes de acuerdo con lo establecido en la promesa de valor.



Requisitos:
Título de formación profesional en estadística con especialización o maestría en áreas de la educación o medición y evaluación.

Experiencia certificada total de cinco (5) años, dentro de los cuales tres (3) años de experiencia sean en la realización de análisis estadísticos y/o psicométricos preferiblemente en el sector de la educación.
Conocimientos en:
1.Metodologías de diseño de evaluación estandarizada, evaluación de competencias y aprendizajes, y valor agregado- Indispensable
2. Software estadístico- Indispensable
3. Modelos estadísticos - Indispensable
4. Psicometría- Indispensable

Horario: lunes a viernes 8.00 am a 6.00 pm. 
Contrato fijo directamente con Uniminuto 
Salario: $5.771.000",Estadístico
fucs,"$1 a $1,5 millones",Bogotá,"Entidad de Salud de IV nivel requiere para su personal Auxiliar de Enfermería con experiencia mínima de un año en el área de Epidemiologia y Estadística, encargada de apoyar la vigilancia y el manejo de los eventos de salud pública, apoyar los procesos de registro y cargue al información, entre otras actividades. Horario de Lunes a Viernes
Buen manejo de Excel y Conocimientos básicos en estadística",,Auxiliar de enfermería
UNIVERSIDAD TECNOLOGICA DE BOLIVAR,Salario a convenir,Cartagena,"La facultad de Ciencias Básicas se encuentra en la búsqueda de profesores altamente calificados, apasionados por el saber, por la construcción y pertinencia social del conocimiento y comprometidos con la transformación de su entorno y con los procesos de aprendizaje de sus estudiantes. El profesor UTB pone al servicio sus aptitudes, conocimientos y habilidades para contribuir al desarrollo integral, a la..."," consolidación de un carácter ético y a la promoción de una actitud crítica frente al conocimiento.

PERFIL PROFESIONAL: 
Estadístico (a), Licenciado(a) en Estadísticas con título de Maestría o Doctorado. En caso de ser profesional en áreas diferentes debe tener un posgrado en el área de la estadística.

EXPERIENCIA:
- Mínimo dos años de experiencia en docencia universitaria.
- Preferiblemente con dominio del idioma ingles (nivel B1).
- Manejo de programas de computación estadística como: Excel, statgraphics, R o Python.",Profesor o docente de educación universitaria
Empresa confidencial,"$2,5 a $3 millones",Bogotá,"Importante Caja de Compensación Familiar requiere para el área de Planeación; profesionales en ingeniería industrial, administraciones de empresas, estadísticos carreras o afines.

Con experiencia mínima de 3 años en manejo en planes estadísticos, diseño de Métricas y KPI. Con conocimiento en manejo de indicadores, realización de informes, reporte de estadísticas de información.

Se requiere..."," capacidad analitica en bases de datos, conocimiento de lenguajes en bases de datos SQL, excel avanzado, desarrollo de tableros de control en herramientas como Looker Studio y Power BI, Deseable conocimiento en programación estadistica en Python. 

Beneficios:
- Dos días libres de familia
- Día libre por cumpleaños
- Días libres por matrimonio y luna de miel
- Beneficio por grado
- Tiempo para chequeos médicos
- Descuentos en paquetes turísticos
- Auxilio educativo
- Auxilio de lentes
- Beneficio por nacimiento de hijos
- Auxilio funerario
- Cortesía zona recreativa.

Contrato directo con la organización, con todas las prestaciones de ley. Si te encuentras interesado y cuentas con los requisitos postúlate nos pondremos en contacto contigo.",Estadístico
Empresa confidencial,"$2 a $2,5 millones",Bogotá,"Reconocida multinacional francesa se encuentra en la búsqueda de profesionales en carreras administrativas o afines con experiencia de 1 año certificable en el cargo, indispensable contar con conocimiento en Excel, SQL (Básico - Intermedio) Qlik Sense (Básico - Intermedio) Power BI (Básico - Intermedio) el objetivo del cargo es generara el análisis y automatización para los equipos de negocio y tomadores de..."," decisiones a través del desarrollo de informes en Power BI, Qlik Sense y demás herramientas de BI que proporcione la empresa.

Te ofrecemos contrato a término indefinido, horario de lunes a viernes de 08:00am a 05:00pm trabajo hibrido salario básico de 2'034.000 lugar de trabajo norte de la ciudad.


¡Si cumples con el perfil aplica a la vacante pronto nos estaremos comunicando contigo!",Ingeniero industrial
Arturo Calle,Salario a convenir,Bogotá,"Arturo Calle requiere profesional en Ingeniería Industrial, Estadística y/o carreras afines, con 3 años mínimo de experiencia trabajando con el ciclo de planeación de la demanda con base a análisis de modelos estadísticos sobre los datos de venta e inventarios, en empresas de consumo masivo y/o retail, suavización de datos, manejo de temporadas (Deseable conocimiento en manejo de SAP, ERP, APO, IBP) para generar...", diferentes escenarios y medir errores de pronóstico.,"Analista de estadísticas, Analista de datos"
OUTSOURCING SAS BIC,"$1 a $1,5 millones",Bogotá,"Administrar procesos de generación y presentación de información operativa referente al desempeño, evolución control de las campañas Inboun
TE ESTAMOS BUSCANDO!! Si tienes habilidades de servicio, eres empático, tienes comunicación asertiva.

En Outsourcing te necesitamos si eres proactivo y empático y quieres trabajar con Famisanar,

Tus principales funciones serán:

· Generar..."," informes estadísticos referentes al comportamiento de la operación.· Generar y administrar archivos históricos de estadísticas con el objetivo de realizar reportes comparativos y conocer el desempeño de las diferentes operaciones· Garantizar la integridad en los datos a suministrar desde el área de estadística entregando información  precisa y representativa.· Generar alarmas ante situaciones atípicas que puedan determinarse a partir de la construcción y análisis de diversos tipos de informes de acuerdo con los requerimientos del cliente y de la compañía.Los beneficios al pertenecer a nuestra compañía son: · Crecimiento personal y profesional gracias a nuestros procesos de formación de competencias· Programas de reconocimiento pensados para ti, en donde podrás ser valorado por tu entrega, pasión y resultados· Tendrás acceso a más de 40 cursos virtuales, a programas de cuidado personal y espiritual y un apoyo de consejería personalizado para ti y tu familia.Tu rol dentro de nuestra compañía es muy importante para nosotros por eso te ofrecemos:Salario: $ 1.190.832+ $140.606 Auxilio de trasporte + $ 139.890 Variable + prestaciones de leyContrato Fijo a 3 meses con oportunidad de ser renovado por tus resultadosLugar de Trabajo: Sede Caracas calle 31b # 14-25",
Empresa confidencial,Salario a convenir,Bogotá,"Importante Institución de Educación Superior requiere para su equipo de trabajo Docente Tiempo Completo para el Departamento de Ciencias Básicas.

Formación: Licenciado en Matemáticas, con especialización titulada en Estadística.

Experiencia: Contar con (2) dos años de experiencia en docencia, preferible en instituciones de educación superior.

Inicio II Semestre..."," 2023

Contamos con chequera de beneficios. 
Si cumples con los requisitos ¡Postúlate y haz parte de la generación que transforma!","Estadístico, Profesor o docente universitario, Profesor o docente de educación universitaria, Matemático"
CONSTRUCTORA BOLIVAR,Salario a convenir,Bogotá,"¡Buscamos el mejor talento!
Practicante Tecnología y Proyectos Estadística, Matemáticas o afines

En Constructora Bolívar generamos valor económico, social y ambiental en forma sostenible. Hacemos parte de un grupo empresarial donde buscamos enriquecer la vida con integridad y brindar experiencias confiables, amigables y sencillas.
Nos encantan las personas que hagan realidad los proyectos y los..."," motiven los retos.

Tu misión será:
Apoyo a las actividades asociadas al entendimiento y levantamiento de la información para la soluciones generadas por el área de BI.                                                                                                                        

Requisitos:
- Formación: Estudiante de últimos semestres de Estadística, Matemáticas o afines                               
- Conocimientos: En lenguajes de programación (R, Python), metodologías analíticas e interés genuino por el análisis de datos o desarrollo enfocado en Data Science.                                                                                        
- Habilidades: Persona con excelentes habilidades de comunicación, trabajo en equipo, orientación al detalle.

Condiciones del cargo:
Horario: Lunes a Viernes 8:00 am - 5:00 pm
Auxilio de sostenimiento: Acordado por la compañía 
Duración del contrato: 6 meses.
Fecha tentativa de inicio: Junio 2023
Lugar de trabajo: Bogotá - Gratamira","Analista de estadísticas, Estadístico"
Empresa confidencial,"$4 a $4,5 millones",Bogotá,"Importante empresa del sector requiere para su equipo de trabajo profesional en ingeniería industrial, administración de empresas, economista o afines. Quien cuente con mínimo 1 año de experiencia en análisis de datos, automatización de procesos, realización de informes gerenciales.

Salario:4.000.000 + prestaciones
Horario: L-V",,Analista de datos
Empresa confidencial,"$4 a $4,5 millones",Bogotá,"Importante empresa del sector requiere para su equipo de trabajo profesional en ingeniería industrial, administración de empresas, economista o afines. Quien cuente con mínimo 1 año de experiencia en análisis de datos, automatización de procesos, realización de informes gerenciales.

Salario:4.000.000 + prestaciones
Horario: L-V",,Analista de datos
Empresa confidencial,"$4 a $4,5 millones",Bogotá,"Importante empresa del sector requiere para su equipo de trabajo profesional en ingeniería industrial, administración de empresas, economista o afines. Quien cuente con mínimo 1 año de experiencia en análisis de datos, automatización de procesos, realización de informes gerenciales.

Salario:4.000.000 + prestaciones
Horario: L-V",,Analista de datos
Empresa confidencial,"$4 a $4,5 millones",Bogotá,"Importante empresa del sector salud se encuentra en búsqueda de *Analista de datos para investigación* con el siguiente perfil:

-Profesional en sistemas ingeniero de software, ingeniero biomedico o afines

-Experiencia mínima de 2 años en investigación y desarrollo relacionados con computación gráfica, procesamiento de imágenes, manejo de bases de datos, lenguajes de programación, herramientas..."," de BI, metodología ágiles, conocimiento básico - intermedio en lenguajes de programación (Java, SQL, Oracle y Python), Conocimiento en modelos relacionales, ETL(Extracción, Transformación y Cargue de información) y desarrollo web. 

 CONDICIONES
1.	Contrato: directo con la compañía
2.	Salario: A convenir 
3.	Horario: Presencial (Por temas de investigación académica) 

Si cumples con el perfil, postúlate ahora.","Arquitecto de información y análisis de datos, Ingeniero de datos, Analista de datos, Administrador de base de datos, Técnico en redes de transmisión de datos"
Empresa confidencial,"$2 a $2,5 millones",Bogotá,"Importante empresa del sector industrial requiere para su equipo de trabajo profesional en Ingeniería industrial, Administración de Empresas, Economía o carreras afines.

Experiencia mínima de 2 años en cargos relacionados manejo de datos en empresas grandes de manufactura o sector consumo masivo (preferiblemente) en áreas de Supply Chain.

Conocimientos específicos en:
*Generación o..."," desarrollo de procesamientos de datos que de valor al negocio por medio del
  análisis, desarrollo, proyecciones, datos de mercado y componentes del mismo, Modelos 
  estadísticos de análisis de cifras, calidad del datos.
* Manejo avanzado de Excel
* Power BI intermedio
* Conocimiento en administración y gestión de bases de datos
* Conocimientos de Gestión Comercial y de Mercados
* Indicadores de Mercado (Margen, Participación) - KPI's 

Horario: Lunes a Viernes 100% presencial
Contrato directo con la compañía + beneficios","Analista de inteligencia de negocios, Analista de datos"
Empresa confidencial,"$2 a $2,5 millones",Bogotá,"Importante empresa del sector industrial requiere para su equipo de trabajo profesional en Ingeniería industrial, Administración de Empresas, Economía o carreras afines.

Experiencia mínima de 2 años en cargos relacionados manejo de datos en empresas grandes de manufactura o sector consumo masivo (preferiblemente) en áreas de Supply Chain.

Conocimientos específicos en:
*Generación o..."," desarrollo de procesamientos de datos que de valor al negocio por medio del
  análisis, desarrollo, proyecciones, datos de mercado y componentes del mismo, Modelos 
  estadísticos de análisis de cifras, calidad del datos.
* Manejo avanzado de Excel
* Power BI intermedio
* Conocimiento en administración y gestión de bases de datos
* Conocimientos de Gestión Comercial y de Mercados
* Indicadores de Mercado (Margen, Participación) - KPI's 

Horario: Lunes a Viernes 100% presencial
Contrato directo con la compañía + beneficios","Analista de inteligencia de negocios, Analista de datos"
CLARO COLOMBIA,Salario a convenir,Bogotá,"¡En Claro tenemos algo para ti! Como empresa líder del sector telecomunicaciones en el país estamos en busca del mejor talento para que hagan parte de nuestra gran familia, si cumples con los requisitos y te gustan los retos ¡Postúlate!

DESCRIPCION
Buscamos estudiantes de últimos semestres de la carrera de ESTADISTICA que cuenten con la carta de aval de su universidad para comenzar prácticas...", profesionales para el segundo semestre de 2023.,Psicólogo
ALLIANZ SEGUROS S.A.,"$2,5 a $3 millones",Bogotá,"En Allianz nos encontramos en búsqueda de un Analista de Datos para nuestra oficina del cliente quien será resposable de la organización, procesamiento, y análisis de datos de clientes, provenientes de diferentes fuentes, con el objetivo de integrar la información, hacer cálculos, detectar alertas asociadas a calidad de la información, extraer y procesar datos internos de clientes para la validación de calidad,..."," analizar la información de forma estructurada y periódica asociada a calidad de los datos del cliente, generando  informes y cálculos de KPIs  y automatización de flujo de informes. Importante ser Profesional en ingenierías, matemáticas, preferiblemente con estudios de minería de datos, big data o data analytics, con 2 años de experiencia en manejo de data, actuaría o riesgos, con conocimientos en programación de SQL / HTML5, Python, CSS, herramientas de Visualización como Power BI, programación y conocimiento en SAS, pensamiento analítico y análisis de cifras. Se ofrece contrato indefinido con modelo de trabajo híbrido. ""Allianz es un empleador con igualdad de oportunidades y, por lo tanto, acoge las solicitudes independientemente del origen étnico o cultural, la edad, el género, la nacionalidad, la religión, la discapacidad o la orientación sexual"".","Analista de datos, Administrador de base de datos, Analista de servicio al cliente"
Universidad Cooperativa de Colombia,"$1,5 a $2 millones",Montería,"En la Universidad Cooperativa de Colombia estamos comprometidos con la equidad de género, el respeto por la diversidad y la interculturalidad, por ello le decimos NO a cualquier forma de discriminación y violencia. Le apostamos al cierre de brechas de género y a la eliminación de los techos de cristal, brindando igualdad de oportunidades a hombres, mujeres y a la comunidad LGTBIQ+, por ello invitamos a hombres,..."," mujeres y población diversa a ser parte de este propósito. Se requiere profesor (a) catedrático (a) licenciado (a) en estadística, especialista en estadística o matemático. Con experiencia mínima de tres años en docencia universitaria. El objetivo del cargo es propiciar espacios para la formación de profesionales integrales con criterios políticos y solidarios, fundamentados en la gestión del conocimiento, el saber que enseña, la pedagogía que guía su enseñanza y las tendencias del contexto. Así mismo, que cuente con buen manejo de herramientas ofimáticas ( Teams y plataformas institucionales). Buscamos a una persona que se adapte fácilmente, responsable en las tareas asignadas y con altas competencias en el trabajo en equipo.",Profesor o docente de educación secundaria
ART MODE S.A.S BIC,"$2 a $2,5 millones",Remoto,"Un Talento que nos apoye de tiempo completo en el área de Retail que cuente excelente habilidades comerciales, manejo de indicadores, liderazgo y comunicación, con experiencia superior a 2 años

Ubicación
Centro comercial Unicentro
En la ciudad Cali, Valle del Cauca

Ser parte de nuestro equipo te permitiría adquirir los siguientes beneficios:
Bono producto semestral
Bono..."," anual por resultados de la compañía
Acceso a Plataforma E-learning que te ayudará en tu proceso de formación.",Analista de datos
COOPETROL,"$3 a $3,5 millones",Bogotá,"Queremos gente como tú

Cuál será tu desafío: Generar y analizar reportes e indicadores del desarrollo de las metas comerciales, permitiendo a la dirección tomar decisiones basados en criterios que permitan apalancar las objetivos estratégicos

Requisitos: Profesional en Ingeniería industrial, administración de empresas, mercadeo; con experiencia en elaboración, análisis y seguimiento de..."," indicadores financieros y comerciales, minería de datos, indicadores de gestión y manejo de herramientas ofimáticas, preferiblemente POWER BI. 

Horario Lunes a viernes 7.30am - 5.30pm / Un sábado al mes   
Salario: $3.166.700
Contrato fijo a 4 meses pasa indefinido al año. 
Beneficios extralegales: Bono incentivo a la salud, Auxilio de educación, Póliza de vida, Auxilio de medicina prepagada.","Analista financiero, Analista de datos"
Empresa confidencial,Salario a convenir,Pereira,"Profesional en carreras administrativas, Mercadeo, comunicación o afines con 2 años de experiencia en el cargo (preferible en Telecomunicaciones), con conocimientos en el mercado de Telecomunicaciones, manejo Office 365, métricas de productividad, análisis de Datos, Power BI y SQL.",,Analista comercial
AXA COLPATRIA,"$1,5 a $2 millones",Bogotá,"Estar en un sector asegurador hace que nos transformemos cada día para asumir los desafíos del mercado.

Si quieres asumir grandes retos súmate a nuestro proceso de selección como PRACTICANTE DE ESTADÍSTICA- ACTUARÍA Para la ciudad de BOGOTÁ.

REQUISITOS:
1. Tener el aval de tu universidad para tus prácticas en 2023-2
2. No haber firmado contrato de aprendizaje Sena
(Vinculación...", de 6 mese o 1 año),"Estadístico, Actuario"
REFINANCIA S.A.,"$1 a $1,5 millones",Bogotá,"Realizando tus prácticas en nuestra área de Estrategia de Operaciones podrás poner a prueba tus conocimientos realizando un seguimiento de nuestros activos adquiridos, brindando soporte a las operaciones y ejecución de la estrategia mensual, detectando gaps y creando planes de mejora en conjunto con las áreas de la Vicepresidencia de Operaciones.
Es importante que te encuentres estudiando últimos semestres de..."," las carreras de: Economía, Ingeniería Industrial o Estadística y tengas conocimientos previos en: MS Excel, Matemática financiera, Nivel intermedio de inglés, conocimientos en estadística.",Practicante Administrativo
Empresa confidencial,Salario a convenir,Bogotá,"Importante compañía del sector salud requiera Analista Data encargado de: gestionar oportuna y adecuadamente las necesidades de información para la toma de decisiones financieras, económicas y administrativas con la finalidad de dar solución a necesidades internas y externas asegurando la calidad, oportunidad, confiabilidad y usabilidad de la información.
Pregrado en Ingenierías, estadística.",,Analista de estadísticas
Empresa confidencial,Salario a convenir,Bogotá,"Importante empresa del sector servicios requiere GESTOR DE INFORMACIÓN / ANALITICA de acuerdo a lo siguiente:
CARGO: Gestor de información
CIUDAD: Bogotá
Técnicos, tecnólogos, estudiantes o profesionales en estadística, ingeniería de sistemas, matemática o afines, con mas de un años de experiencia certificable en manejo de Microsoft Excel avanzado (se realizará prueba) y visualización de datos.",,"Analista de información, Arquitecto de información y análisis de datos, Administrador de base de datos"
UNIAGRARIA,"$3,5 a $4 millones",Bogotá,"La Fundación Universitaria Agraria de Colombia requiere Docente Tiempo completo para el Departamento de Ciencias Básicas.
Profesional en: Estadística, Ciencia de datos y/o áreas afines, Acreditar título de Especialización y/o Maestría en estadística, Ciencia de datos
Manejo de una segunda lengua (Nivel B2)
Para impartir las siguientes clases: PROBABILIDAD Y ESTADÍSITICA - INFERENCIA..."," ESTADÍSTICA-PRECALCULO
Experiencia Docente en el área							
Experiencia investigativa, con producción intelectual verificable								
Experiencia en manejo de plataformas LMS (moodle, blackboard, etc).								
Título expedido por Instituciones en el exterior deben acreditados ante el Ministerio de Educación Nacional.",Profesor o docente de educación universitaria
Empresa confidencial,Salario a convenir,Bogotá,"Importante compañía del sector salud requiera Analista Data encargado de: gestionar oportuna y adecuadamente las necesidades de información para la toma de decisiones financieras, económicas y administrativas con la finalidad de dar solución a necesidades internas y externas asegurando la calidad, oportunidad, confiabilidad y usabilidad de la información.
Pregrado en Ingenierías, estadística.",,Analista de estadísticas
PERFILES Y SOLUCIONES LOGISTICAS S A S,"$1 a $1,5 millones",Medellín,"FUNCIONES:
-Realizar recopilación de datos de varias fuentes.
-Auditar bases de datos para asegurar la calidad de la información.
-Agregar los informes enviados por el cliente a las bases de datos de LSG.
-Reportar cualquier hallazgo a los Analistas de Datos correspondientes.
-Realizar exploración y visualización de datos.
-Desarrollar Indicadores Clave de Rendimiento (KPI) a..."," través de la herramienta Business Intelligence proporcionada por Lean Solutions Group. 
-Realizar extensos análisis de garantía de calidad/validación de datos con grandes conjuntos de datos. 
-Realizar pruebas y validación de conjuntos de datos. 
-Colaborar con especialistas en datos y/o analistas de datos para determinar y abordar necesidades de datos e informes para varios proyectos de la empresa. 
-Crear informes para compartir hallazgos y recomendaciones con el equipo interno. 
-Proponer nuevas ideas para recopilar la información de manera eficiente. 
-Auditar diariamente la funcionalidad y precisión de los Dashboards. 
-Soporte en cualquier actualización/corrección de los Paneles de Power BI cuando sea necesario. 
-Realizar estudios de tiempos de los empleados para supervisar sus niveles de productividad. 
-Las demás inherentes al cargo y las asignadas por su líder directo o superior? 

REQUISITOS:
-Estudiante en práctica de Administración de empresas, Ingenieria Industrial y Negocios Internacionales.
- Nivel de ingles Intermedio/Avanzado
-No requiere de experiencia previa",Analista de datos
PERFILES Y SOLUCIONES LOGISTICAS S A S,"$1 a $1,5 millones",Bucaramanga,"FUNCIONES:
-Realizar recopilación de datos de varias fuentes.
-Auditar bases de datos para asegurar la calidad de la información.
-Agregar los informes enviados por el cliente a las bases de datos de LSG.
-Reportar cualquier hallazgo a los Analistas de Datos correspondientes.
-Realizar exploración y visualización de datos.
-Desarrollar Indicadores Clave de Rendimiento (KPI) a..."," través de la herramienta Business Intelligence proporcionada por Lean Solutions Group. 
-Realizar extensos análisis de garantía de calidad/validación de datos con grandes conjuntos de datos. 
-Realizar pruebas y validación de conjuntos de datos. 
-Colaborar con especialistas en datos y/o analistas de datos para determinar y abordar necesidades de datos e informes para varios proyectos de la empresa. 
-Crear informes para compartir hallazgos y recomendaciones con el equipo interno. 
-Proponer nuevas ideas para recopilar la información de manera eficiente. 
-Auditar diariamente la funcionalidad y precisión de los Dashboards. 
-Soporte en cualquier actualización/corrección de los Paneles de Power BI cuando sea necesario. 
-Realizar estudios de tiempos de los empleados para supervisar sus niveles de productividad. 
-Las demás inherentes al cargo y las asignadas por su líder directo o superior? 

REQUISITOS:
-Estudiante en práctica de Administración de empresas, Ingenieria Industrial y Negocios Internacionales.
- Nivel de ingles Intermedio/Avanzado
-No requiere de experiencia previa",Analista de datos
PERFILES Y SOLUCIONES LOGISTICAS S A S,"$1 a $1,5 millones",Barranquilla,"FUNCIONES:
-Realizar recopilación de datos de varias fuentes.
-Auditar bases de datos para asegurar la calidad de la información.
-Agregar los informes enviados por el cliente a las bases de datos de LSG.
-Reportar cualquier hallazgo a los Analistas de Datos correspondientes.
-Realizar exploración y visualización de datos.
-Desarrollar Indicadores Clave de Rendimiento (KPI) a..."," través de la herramienta Business Intelligence proporcionada por Lean Solutions Group. 
-Realizar extensos análisis de garantía de calidad/validación de datos con grandes conjuntos de datos. 
-Realizar pruebas y validación de conjuntos de datos. 
-Colaborar con especialistas en datos y/o analistas de datos para determinar y abordar necesidades de datos e informes para varios proyectos de la empresa. 
-Crear informes para compartir hallazgos y recomendaciones con el equipo interno. 
-Proponer nuevas ideas para recopilar la información de manera eficiente. 
-Auditar diariamente la funcionalidad y precisión de los Dashboards. 
-Soporte en cualquier actualización/corrección de los Paneles de Power BI cuando sea necesario. 
-Realizar estudios de tiempos de los empleados para supervisar sus niveles de productividad. 
-Las demás inherentes al cargo y las asignadas por su líder directo o superior? 

REQUISITOS:
-Estudiante en práctica de Administración de empresas, Ingenieria Industrial y Negocios Internacionales.
- Nivel de ingles Intermedio/Avanzado
-No requiere de experiencia previa",Analista de datos
PROMOAMBIENTAL DISTRITO SAS ESP,"$2,5 a $3 millones",Bogotá,"Somos Central Colombiana de Aseo, y en este momento nos encontramos en búsqueda de Analista de facturación y catastro.

Debes:
- Ser profesional en carreras administrativas, ingenierías o financieras
- Contar con mas de 1 año de experiencia laboral en empresas de facturación masiva, desempeñando funciones como: consolidación y organización de facturación y catastro, manejo de facturación superior..."," a 500 millones, manejo de bases de datos superior a 900.000 registros y generación de informes.
- Contar con nivel de Excel avanzado (se realiza prueba), haciendo uso de modulo de datos, validación de hipótesis y manejo de query.
- Deseable Access

Si cuentas con los anterior ¡Es tu Oportunidad!

Te ofrecemos: 
Jornada Laboral: Lunes a viernes 7:30am - 5:30pm. Modalidad presencial.
Salario: 2.565.000 + prestaciones de ley
Estabilidad laboral. Contrato a termino fijo por 6 meses, renovable","Analista de estadísticas, Analista de datos"
GABRICA S.A.S.,Salario a convenir,Bogotá,"¿Quieres ser parte de un gran equipo de trabajo?
Tenemos esta oferta para ti!:

Somos una empresa multilatina del sector veterinario, con 30 años de trayectoria en el mercado de las mascotas. Nuestro core del negocio esta enfocada en distribuir y comercializar productos. Tenemos presencia en países como Colombia, Chile y Perú.

Nuestro equipo de operaciones internacioanles se encuentra en..."," la búsqueda de un Especialista de BI con experiencia de 3 años en el cargo, o en cargos de cargos de análisis comercial, inteligencia comercial o inteligencia de negocios realizando análisis de información, visualización de datos y reportes en Power BI / Ésta persona será la encargada de centralizar toda la información desde Colombia para los 3 países donde tenemos presencia (Chile, Perú y Ecuador)

REQUISITO: Conocimientos específicos de temas estadísticos , modelamiento de datos, presupuestos, análisis de datos y proyecciones, utilizando herramientas como: (R, Python, Power BI) - Excluyente 

Manejo avanzado de Excel.

Debes ser profesional en Ingeniería Industrial, Ingeniería de Sistemas, Administración de Empresas,
Ingeniero Comercial, Estadísticos, actuarios, economistas o afines

Contrato: A término indefinido directamente con la compañía.
Horarios: Lunes a Viernes  (Modalidad Hibrida)
Salario: A convenir + Beneficios Corporativos
Sitio de trabajo: Toberin, Norte de Bogotá

Si te apasionan las mascotas, este trabajo espera por ti! 
Aplica y nos estaremos contactando contigo.",Analista de inteligencia de negocios
Empresa confidencial,Salario a convenir,Bogotá,"Importante empresa del sector servicios requiere GESTOR DE INFORMACIÓN / ANALÍTICA
CARGO: Gestor de información
CIUDAD: Bogotá
Técnicos, tecnólogos, estudiantes o profesionales en estadística, ingeniería de sistemas, matemática o afines, con mas de un año de experiencia certificable en manejo de Microsoft Excel avanzado (se realizará prueba) y visualización de datos.",,"Analista de información, Arquitecto de información y análisis de datos, Administrador de base de datos"
Protela,"$1 a $1,5 millones",Bogotá,"Protela quiere sumar su equipo de trabajo un practicante de Administración de empresas o financiera, administración Financiera , Economía o carreas afines que apoyará el área financiera.

CONDICIONES DE LA VACANTE

Horario de lunes a viernes de 7 am a 5:15 pm
Contrato de aprendizaje.
Apoyo de sostenimiento de $1.160.000 + pago de EPS y ARL
Refrigerio..."," diario
Requisitos:

Tener el aval de la Universidad para realizar su practica profesional.
No haber tenido contrato de aprendizaje en otras ocasiones
Si cumples con los requisitos y te encuentras interesado postula tu hoja de vida y nos contactaremos contigo.",Practicante Economía y finanzas
Empresa confidencial,"$2 a $2,5 millones",Bogotá,"Reconocido distribuidor de productos farmacéuticos con presencia a nivel nacional, requiere en su área de tecnología y desarrollo de datos y para su equipo de trabajo , DESARROLLADOR - ANALISTA BIG DATA , profesional o estudiante de últimos semestres, en programación de datos, o ingenieras o afines, con experiencia desarrollando en phyton u otros lenguajes de datos.

Estamos en búsqueda de personas..."," talentosas, dinámicas, proyectivas, innovadores con capacidad de resolución de conflictos, disciplinadas y buenas aptitudes para relacionarse con los distintos niveles de la compañía. 

Realizara las siguientes funciones: Análisis de datos, análisis de cifras, extraer, procesar y administrar datos, analizar agrupaciones de datos y realizar informes para cada una de las áreas que lo necesite. 

Promedio Salarial  2.500.000 , trabajo de lunes a sábado presencial, contrato directo con la compañía a término indefinido.

Estamos localizados en Puente Aranda.",Analista de datos
Empresa confidencial,Salario a convenir,Medellín,"Importante compañía de la ciudad de Medellín desea para su equipo de trabajo profesional en ingeniería o áreas a fines con experiencia en proyectos de desarrollo e implementación en soluciones de analítica de datos. Sera responsable de proponer, aprovechar y mejorar las capacidades de análisis de datos avanzados de las plataformas de la compañía enfocados en la ciencia de datos, facilitando la integración de..."," análisis de datos en los procesos de toma de decisiones que generen valor a la compañía.

Requisitos: 
Manejo de Power Bi
Manejo de excel avanzado
Mineria de datos 
Acompañamiento a Gerencia 

Deseable: 
2 años de Experiencia Certificada.

Anímate Queremos conocerte!!!","Administrador de empresas, Estadístico, Economista, Ingeniero industrial, Analista de datos"
Elite Flower,Salario a convenir,Bogotá,"Estamos buscando un profesional en estadística para el equipo de producción encargado de realizar el análisis de un gran volumen de datos (Big data) y desarrolle modelos matemáticos aplicables a nuestro sistema productivo

Las funciones principales serán:
Manejo de estadística descriptiva e inferencial
Aplicación de técnicas de muestreo
Análisis multivariado
Desarrollo de modelos..."," predictivos
Construcción y contrastes de hipótesis
Diseño y evaluación de experimentos

Formación:
Estadístico profesional graduado
Experiencia preferible en el sector Agro",Estadístico
Empresa confidencial,"$4 a $4,5 millones",Bogotá,"Importante empresa del sector requiere para su equipo de trabajo profesional en ingeniería industrial, administración de empresas, economista o afines. Quien cuente con mínimo 1 año de experiencia en análisis de datos, automatización de procesos, realización de informes gerenciales.

Salario:4.000.000 + prestaciones
Horario: L-V",,Analista de datos
Marketing Autopartd SAS,"$1,5 a $2 millones",Bogotá,"• Desarrollar e implementar bases de datos de datos primarias o secundarias y
mantenimiento de las bases de datos , analítica de datos y otras estrategias que optimicen la eficiencia estadística y la calidad Interpretación de los datos, analizar de los resultados utilizando técnicas estadísticas.
• El candidato ideal deberá convertir datos en información, información en ideas e ideas en decisiones..."," comerciales.
• Excelentes dotes analíticas con la capacidad de recopilar, organizar, analizar y difundir cantidades significativas de información con atención al detalle y precisión. 
• capacidad de síntesis de datos para saber elegir y extraer la información más importante y útil para el negocio.",Analista de datos
CHRISTUS SINERGIA SALUD,"$1 a $1,5 millones",Cali,"Si cumples con este perfil, ¡postúlate! Estamos buscando el mejor talento para la Ciudad Nombre ciudad Cali si eres carrera o estudios Técnico Auxiliar de enfermería o en Salud Publica , con experiencia reciente en Office básico, manejo de Bases de Datos, estadística básica, manejo de SIVIGILA, manejo aplicativo RUAF-ND ,te invitamos a hacer parte de este gran equipo.

Responsabilidades..."," Principales:
-Gestionar y apoyar a nivel institucional el proceso del Sistema de Vigilancia en Salud Publica.
-Apoyar a nivel institucional el proceso del Subsistema de Estadísticas Vitales.

Horarios: Por definir  
Contrato: Obra labor por medio de temporal.",Asistente estadístico
Empresa confidencial,"$4,5 a $5,5 millones",Bogotá,"Importante Multinacional de Talento Humano se encuentra en la búsqueda de Analista de Datos:

Formación: Profesional en Ingeniería Administrativa, Negocios o afines. Nivel de Ingles B2-C1
Experiencia: 3 años en Business Intelligence, elaboración de informes utilizando herramientas de BI (Excel, SQL y PowerBI) y desarrollo de modelos de datos.

Salario: $4.800.000
Contrato:..."," Indefinido
Modalidad de trabajo: Hibrido",Analista de datos
TOC TOC AGRIFOOD S.A.S.,"$1,5 a $2 millones",Bogotá,"Importante empresa del sector se encuentra en la busqueda de los mejores Analistas de indicadores, que cuenten con experiencia en Manejo de Excel Avanzado, conocimientos en carrearas administrativas afines , control de recursos y procesos corporativos.

Salario: $ 1.500.000 + pretaciones de ley+ bonificacion por cumplimineto de $300.000 + beneficios corporativos + planes capacitacion del sena + polizas de..."," vida
Horarios: Lunes a Viernes 6:00 am a 4:30 pm
Contrato: Indefinido 

Requisitos: 
Experiencia mínima certificada de 6 meses en control de indicadores
Conocimientos en Excel avanzado
Conocimiento en monitoreo de los indicadores
Formación académica, Técnico o estudiante de último semestres de carreras afines","Analista administrativo, Analista de estadísticas, Analista de datos"
TOC TOC AGRIFOOD S.A.S.,"$1,5 a $2 millones",Bogotá,"Importante empresa del sector se encuentra en la busqueda de los mejores Analistas de indicadores, que cuenten con experiencia en Manejo de Excel Avanzado, conocimientos en carrearas administrativas afines , control de recursos y procesos corporativos

Salario: $ 1.500.000 + pretaciones de ley+ bonificacion por cumplimineto de $300.000 + beneficios corporativos + planes capacitacion del sena + polizas de..."," vida
Horarios: Lunes a Viernes 6:00 am a 4:30 pm
Contrato: Indefinido 

Requisitos: 
Experiencia mínima certificada de 6 meses en control de indicadores
Conocimientos en Excel avanzado
Conocimiento en monitoreo de los indicadores
Formación académica, Técnico o estudiante de último semestres de carreras afines","Analista administrativo, Analista de estadísticas, Analista de datos"
ADECCO COLOMBIA S A,"$3 a $3,5 millones",Bogotá,"Importante empresa de servicios solicita profesional en carreras administrativas, con conocimientos en bases de datos SQL, excel, access y Pyton deseable en el sector de Call Center.
Conocimiento en temas estadísticos como: Análisis Multivariado, Regresión Logística, Árboles de Decisión, Series de Tiempo, Técnicas de clasificación y Análisis de experimentos - minería y análisis de datos - de modelos de..."," analítica avanzada que incorporen técnicas de machine learning y su correcta interpretación e implementación - herramientas analítica, como SAS, R, Python donde pueda crear los modelos.
Horario de lunes a viernes, presencial 8 horas en franja de 7 am a 8 pm, sábado desde casa: 8 horas entre franja de 7 am  a 3 30 pm",Analista de datos
CASALUKER,"$2 a $2,5 millones",Bogotá,"Somos una compañía colombiana con más de 117 años de historia, apasionados y comprometidos con el progreso y las necesidades de las familias que se suman a nuestra casa, llenando de aroma y sabor a los hogares.

Actualmente nos encontramos buscando para nuestro equipo un Tecnólogo en carreras administrativas con experiencia de 2 años en gestión de información, datos maestros, manejo de indicadores, control..."," de información y datos. Experiencia preferible en empresas de consumo masivo o retail.

Si te interesa Postúlate",Analista de datos
ADECCO COLOMBIA S A,"$1,5 a $2 millones",Bogotá,"Estamos en busqueda de tecnólogo en arquitectura, derecho, ingeniería y estudios a fines, Diseñar, en compañía con la coordinación Operativa, la correcta presentación de los informes según los criterios establecidos de los clientes. Consolidar información de casos atendidos teniendo en cuenta procedimientos técnicos y requerimientos de la Dirección General.

Horario: Lunes a viernes de 7:00 am a 5:00 pm..."," 
Salario: $1.800.000
Contrato obra labor",Estadístico
CLARO COLOMBIA,Salario a convenir,Bogotá,"¡En Claro tenemos algo para ti! Como empresa líder del sector telecomunicaciones en el país estamos en busca del mejor talento para que hagan parte de nuestra gran familia, si cumples con los requisitos y te gustan los retos ¡Postúlate!

DESCRIPCION
Buscamos estudiantes de últimos semestres de la carrera de ESTADISTICA que cuenten con la carta de aval de su universidad para comenzar prácticas...", profesionales para el segundo semestre de 2023.,Psicólogo
ADECCO COLOMBIA S A,"$4 a $4,5 millones",Bogotá,"Importante multinacional comercializadora de café se encuentra en búsqueda de un Analista de Trading para que se encargue de garantizar la compra efectivamente en los parámetros estipulados por la compañía, apoyando el proceso
comercial conexo con logística y finanzas.

Debe ser: Profesional en comercio exterior
Debe tener: Mínimo 2 años de experiencia en manejo de mercados y labores de trading..."," y debe tener ingles avanzado. 
Debe manejar: Manejo de SAP, conocimiento en bolsas de café, manejo de plataformas de mercado.
Condiciones: 
Contrato a termino indefinido directamente con la empresa 
Salario: Entre $4.000.000 y $5.000.000 de acuerdo con la experiencia + beneficios adicionales",Analista de datos
AMARILO S.A.,"$2 a $2,5 millones",Bogotá,"Importante constructora requiere tecnico en sistemas o estudiante de ultimos semestres de ingenieria de sistemas, con experiencia minima de 1 año en analisis de datos, manejo de gestion analitica, flujos de trabajo, manejo de bases de datos.

Sera el encargado de Analizar y soportar la implementación de mejoras en los procesos de Gestión de información física y electrónica en todas las etapas del ciclo de..."," vida de la información, la gestión de documentos, analítica, desarrollo de aplicaciones y automatización de flujos de trabajo de acuerdo con los procedimientos establecidos en la Gerencia.

Modalidad de trabajo hibrida. Contrato a termino indefinido.",Analista de datos
Scotiabank Colpatria,"$3,5 a $4 millones",Bogotá,"Contratación a término fijo directo por Scotiabank Colpatria.
En Scotiabank Colpatria buscamos profesionales de carreras afines de ingeniería industrial, sistemas, telemática, Administración de empresas con experiencia en manejo de bases de datos y ciencias económicas o administrativas
Objetivo del rol: Estructurar el proceso operativo y sus definiciones funcionales en los formatos requeridos mediante..."," lenguaje SQL , con el objeto de entregarse como insumo al desarrollo de informes regulatorios a cubrir en el proyecto protect.
Mínimo 3 años de experiencia en empresas del sector financiero , áreas de procesamiento de datos o proyectos.",Analista de datos
DISLICORES S.A.S,Salario a convenir,Medellín,"Se solicita profesional en Administración, Ingenierías o áreas afines, con (3) años de experiencia en áreas de análisis de datos e indicadores, con conocimientos en: Indicadores comerciales
Manejo avanzado de bases de datos, Herramientas de visualización.
Como principal función: Integrar actividades encaminadas a apoyar funcional y analíticamente a los equipos comerciales y de mercadeo de la..."," organización, a través de soluciones, sistemas y herramientas específicas que generen oportunidades de valor para que la Compañía obtenga datos e información oportuna, de calidad y articulada con la estrategia de negocio para efectuar acciones y toma de decisiones a todo nivel.",Analista de datos
Empresa confidencial,"$1 a $1,5 millones",Madrid,"Empresa del sector de tecnología ubicada en Siberia requiere para su equipo de trabajo AUXILIAR DE DATOS. Manejo de Excel intermedio, conocimiento de tablas dinámicas, cruces, validaciones y formulación básica, preferiblemente técnico en carreras administrativas que no se encuentre estudiando de manera presencial

turnos rotativos diarios de 6 horas, sabados y domingos home office cada 15 días. ..."," 
Horario: rotativo de lunes a sabado de 9:00 am a 3:00 pm o de 3:00 pm a 9:00 pm/ 2 domingos al mes de 9:00 am a 9:00 pm
Salario: 1.160.000+ PRESTACIONES DE LEY+ AUX EXTRALEGAR DE TRANPORTE INTERMUNICIPAL",Analista de datos
UNIVERSAL MCCANN SERVICIOS DE MEDIOS LIMITADA,Salario a convenir,Medellín,"Nos encontramos en búsqueda de Analista bases de datos y mercadeo para la ciudad de Medellin.

Objetivo: Recopilar y administrar data de la industria publicitaria que genere análisis que puedan ayudar en la toma de decisiones con nuestros clientes
Funciones:
Actualización data inversión y trps de los clientes. Entendimiento de métricas de medición publicitaria.

Requisitos:..."," 
Manejo de Excel intermedio o avanzado. 
Manejo de bases de datos, manejo de tablas dinámicas y formulas. 
Categorización de bases de datos según variables de segmentación de categorías de clientes, marcas, segmentos, etc.
Manejo de herramientas sindicadas de IBOPE. 
Estudiante o profesional en publicidad, marketing o carreras a fin, con más de 1 año de experiencia en cargos relacionados

Ofrecemos excelentes beneficios, contrato indefinido, plan carrera, modalidad hibrido, horario lunes a viernes 8: a 5:30pm",Analista de datos
UNIVERSAL MCCANN SERVICIOS DE MEDIOS LIMITADA,Salario a convenir,Medellín,"Nos encontramos en búsqueda de Analista bases de datos para la ciudad de Medellin.

Objetivo: Recopilar y administrar data de la industria publicitaria que genere análisis que puedan ayudar en la toma de decisiones con nuestros clientes
Funciones:
Actualización data inversión y trps de los clientes. Entendimiento de métricas de medición publicitaria.

Requisitos:
Manejo de..."," Excel intermedio o avanzado. 
Manejo de bases de datos, manejo de tablas dinámicas y formulas. 
Categorización de bases de datos según variables de segmentación de categorías de clientes, marcas, segmentos, etc.
Manejo de herramientas sindicadas de IBOPE. 
Estudiante o profesional en publicidad, marketing o carreras a fin, con más de 1 año de experiencia en cargos relacionados

Ofrecemos excelentes beneficios, contrato indefinido, plan carrera, modalidad hibrido, horario lunes a viernes 8: a 5:30pm",Analista de datos
IQ Outsourcing,"$2 a $2,5 millones",Bogotá,"¡Estamos buscando tu talento si cumples con el siguiente perfil postúlate a nuestra convocatoria!

Estamos en búsqueda de ingeniero de Sistemas, Ingeniero Industrial o carreras afines. Con experiencia de un año en analítica de datos y en funciones relacionadas a la construcción de indicadores, extracción, transformación de información y creación de informes.

INDISPENSABLE: excelente manejo y..."," conocimiento en Power BI y Excel intermedio. 

Con habilidades de trabajo en equipo, proactividad e interés por el aprendizaje continuo. 

Tipo de contrato: Termino indefinido. 
Horario: Lunes a viernes 8:00 – 18:00 
Modalidad: Teletrabajo. (Debe estar ubicado en Bogotá en caso de requerir presencialidad por parte del área)",Analista de datos
Empresa confidencial,"$2,5 a $3 millones",Bogotá alrededores,"Reconocida entidad del sector salud se encuentra en búsqueda de nuestro próximo Analista de datos
Quien estará encargado de brindar las mejores soluciones a diferentes necesidades de la compañía.

Requisitos:
1. Tecnólogo o estudiante de ingeniería industrial o carreras afines
2. Experiencia mínima de 2 años como analista de datos en campañas de servicio o tele ventas
3.Excel..."," avanzado 
4.Persona resolutiva y ágil 

Te brindamos
1.Contrato a termino indefinido con prestaciones sociales
2.Horarios de lunes a viernes  horario administrativo
3. Salario $2.700.000 
4.Horario de trabajo norte de la ciudad

Si te interesa la oferta, no dudes en postularte.",Analista de datos
CODESA,"$2,5 a $3 millones",Cali,"Si quieres ser parte de una de las compañías más innovadoras y quieres transformar positivamente la vida de las personas. ¡Esta Oportunidad es para Ti!?Estamos en búsqueda de Analista BI

Tu reto será identificar oportunidades ocultas en la data para hacer crecer y apoyar al mejoramiento de los objetivos de la organización, generando valor para la alta gerencia desde el punto de vista estratégico y..."," táctico.

Funciones:
- Recopilar, limpiar y analizar grandes conjuntos de datos.
- Desarrollar tableros para visualizar y monitorear los datos.
- Ser propositivo en las aplicaciones de analítica descriptiva en diferentes proyectos.
- Articular la información que el cliente le brinde para traducirlos a los datos.
- Realizar la interpretación y comunicación de los resultados para la tomad e las decisiones en la compañía.
- Mantener y mejorar los sistemas y procesos de BI.

Conocimientos mínimos requeridos:
Power BI intermedio (Manejo de variables, gráficos y problemas).
Programación en Python intermedio (Manejo de Pandas y Numpy).

Buscamos profesional universitario en ingeniería, administración de empresas, estadística, matemática, físico y afines.

Condiciones: 
Salario $ 2.800.000 + beneficios 
Horario: L - V 7:30 am a 5:30pm 
Modalidad: Alternancia 2 días en casa y 3 en oficina. 
Contrato: Indefinido. 

Queremos contarte que nuestros candidatos se enfrentan a un proceso de selección transparente e inclusivo, donde podrán demostrar sus habilidades a través de diferentes etapas, las cuales iremos contándote y manteniéndote al tanto en cada momento.",Analista de datos
SOLVO,Salario a convenir,Remoto,"Solvo Global está buscando contratar a un Analista de Datos bilingüe para unirse a nuestro equipo. Como Analista de Datos, serás responsable de recopilar, analizar e interpretar información para ayudar a tomar decisiones estratégicas basadas en datos. Tu papel será crucial para el éxito de nuestros proyectos y el crecimiento de la empresa.

Responsabilidades principales:

Recopilar y analizar..."," datos de diversas fuentes para identificar tendencias, patrones y oportunidades de mejora.
Interpretar los resultados de los análisis y presentar informes claros y concisos a los equipos de gestión.
Colaborar con otros departamentos para comprender sus necesidades de datos y proporcionar soluciones basadas en la información recopilada.
Desarrollar y mantener bases de datos eficientes y seguras para garantizar la integridad de los datos.
Identificar áreas de mejora en los procesos de recopilación y análisis de datos, e implementar soluciones efectivas.
Mantenerse actualizado sobre las tendencias y tecnologías emergentes en el campo de análisis de datos y aplicar los conocimientos adquiridos en el trabajo diario.
Habilidades requeridas:

Experiencia demostrable en análisis de datos y capacidad para trabajar con grandes conjuntos de datos.
Fuertes habilidades analíticas y capacidad para interpretar resultados complejos.
Excelentes habilidades de comunicación verbal y escrita en dos idiomas (bilingüe), incluyendo fluidez en inglés.
Conocimiento sólido de herramientas y técnicas de análisis de datos, como , Excel y PowerPoint esto es imprescindible 
Capacidad para trabajar de manera independiente y en equipo, con un enfoque orientado a los resultados.
Excelentes habilidades de resolución de problemas y atención al detalle.
Conocimiento básico de estadísticas y modelado de datos.
Beneficios ofrecidos:

Salario competitivo acorde a tus habilidades y experiencia.
Oportunidades de desarrollo profesional y crecimiento en un entorno dinámico y en constante evolución.",Analista de datos
Empresa confidencial,"$3,5 a $4 millones",Bogotá,"Importante compañía del sector salud requiera Analista Data encargado de: gestionar oportuna y adecuadamente las necesidades de información para la toma de decisiones financieras, económicas y administrativas con la finalidad de dar solución a necesidades internas y externas asegurando la calidad, oportunidad, confiabilidad y usabilidad de la información.
Pregrado en Ingenierías,..."," estadística.
Experiencia en gestión de información, manejo de bases de datos, análisis de información, De preferencia con experiencia en el sector salud .
Dominio de hojas de cálculo (Excel) y manejadores de bases de datos, Manejo de estadística descriptiva e inferencial. Principios de programación en herramientas de Business Intelligence.
Vinculación directa planta fija con la compañía con todas las prestaciones de ley. Salario: $3.700.000",Analista de datos
Empresa confidencial,Salario a convenir,Cali,"Profesional en carreras administrativas, Mercadeo, comunicación o afines con 2 años de experiencia en el cargo (preferible en Telecomunicaciones) en analisis de datos comerciales e indicadores, con conocimientos en el mercado de Telecomunicaciones, manejo Office 365, métricas de productividad, análisis de Datos, Power BI y SQL.",,Analista comercial
CEMEX COLOMBIA,"$3 a $3,5 millones",Bogotá,"Cemex de Colombia busca para su equipo de trabajo profesionales en ingeniería de sistemas (contar con tarjeta profesional)

Requisitos:

-2 años de Experiencia en Manejo de información y bases de datos. Deseable manejo de información de Operaciones: KPIs Operativos e Información de Costos Operativos.
- Experiencia 2 años manejando PowerBi
- Manejo de Excel avanzado,
- ingles..."," intermedio (A2)

-Salario: $3.000.000 a $3.500.000 
-Horarios: Lunes a viernes administrativo
-Tipo Contrato: Obra o Labor (6meses) con posibilidades de pasar directo con la empresa 
-Lugar de trabajo: Bogotá

Diversidad e Inclusión en CEMEX

En CEMEX, reconocemos la diversidad del mundo en el que vivimos y en el que hacemos negocios. Respetamos la diversidad, abordamos la inclusión y la no-discriminación de cualquier persona con talento, independientemente de su género, capacidad física, edad, orientación sexual, cultura, origen étnico, religión, afiliación política, estado civil, embarazo/maternidad/paternidad y nacionalidad. Promovemos una cultura de equidad para la construcción de un negocio sostenible y el bienestar y desarrollo de los colaboradores de CEMEX.",Analista de datos
PERFILES Y SOLUCIONES LOGISTICAS S A S,"$1 a $1,5 millones",Bogotá,"FUNCIONES:
-Realizar recopilación de datos de varias fuentes.
-Auditar bases de datos para asegurar la calidad de la información.
-Agregar los informes enviados por el cliente a las bases de datos de LSG.
-Reportar cualquier hallazgo a los Analistas de Datos correspondientes.
-Realizar exploración y visualización de datos.
-Desarrollar Indicadores Clave de Rendimiento (KPI) a..."," través de la herramienta Business Intelligence proporcionada por Lean Solutions Group. 
-Realizar extensos análisis de garantía de calidad/validación de datos con grandes conjuntos de datos. 
-Realizar pruebas y validación de conjuntos de datos. 
-Colaborar con especialistas en datos y/o analistas de datos para determinar y abordar necesidades de datos e informes para varios proyectos de la empresa. 
-Crear informes para compartir hallazgos y recomendaciones con el equipo interno. 
-Proponer nuevas ideas para recopilar la información de manera eficiente. 
-Auditar diariamente la funcionalidad y precisión de los Dashboards. 
-Soporte en cualquier actualización/corrección de los Paneles de Power BI cuando sea necesario. 
-Realizar estudios de tiempos de los empleados para supervisar sus niveles de productividad. 
-Las demás inherentes al cargo y las asignadas por su líder directo o superior? 

REQUISITOS:
-Estudiante en práctica de Administración de empresas, Ingenieria Industrial y Negocios Internacionales.
- Nivel de ingles Intermedio/Avanzado
-No requiere de experiencia previa",Analista de datos
ISES S.A.S,Salario a convenir,Barranquilla,"Se requiere profesional en Ingenieria de sistemas o Industrial con 3 años de experiencia en administracion de bases de informacion, analitica de datos para la toma de decisiones, enfoque en organizar y supervisar los procesos para garantizar la mejora de indicadores y cumplimiento de resultados, importante conociemiento y experiencia laboral en empresas del sector Agua; Manejo de Excel avanzado.

SALARIO:..."," a convenir 
ZONA DE TRABAJO: barranquilla",Analista de datos
TELEPERFORMANCE COLOMBIA S.A.S,"$4,5 a $5,5 millones",Bogotá,"Nuestro/a Reporting Expert será responsable de la gestión y dirección de los procesos de Reporting y analítica descriptiva. Asimismo, estará a cargo de la generación de Insights en tiempo real y análisis con el alcance de analítica descriptiva (Resolviendo la pregunta qué paso y qué está pasando). Debe contar con habilidades de comunicación escrita y verbal de alto nivel, encontrándose en la capacidad de brindar un..."," contacto efectivo con la alta gerencia de las campañas, siendo consultivo frente a las necesidades del negocio. Además, contar con una capacidad avanzada de analizar y aplicar su conocimiento en las fuentes de datos con el fin de generar hallazgos y/o alertas, y así asegurar el correcto desarrollo del proceso.
Responsabilidades: 
• Crear y mantener canales de comunicación eficientes y constantes entre Reporting – operaciones y las diferentes áreas de la compañía.
• Capacidad para trabajar de manera competente e independiente dentro de las herramientas disponibles estando en la capacidad de brindar soluciones, análisis y hallazgos según correspondan.
• Seguimiento y control a los indicadores, generando mesas de trabajo con la operación que lleven a planes de mejora (PSP) y puntos de control.
• Generar casos de negocio que permitan resolver las preguntas ¿Qué Pasó? Y ¿Qué está pasando?
• Incluir la metodología Six Sigma en los análisis y visualizaciones que se generen a la operación.
• Estar en la capacidad de resolver las necesidades del equipo de trabajo y la operación con un alto nivel de satisfacción.
• Frente a cualquier condición adversa debe estar en la capacidad de resolver en los tiempos estipulados, atacando la causa raíz de este.
• Asegurar y monitorear todas las entregas de análisis cumpliendo parámetros de puntualidad y calidad definidos por el negocio y/o vertical
Requerimientos: 
• Deseable: experiencia laboral progresivamente responsable en una función similar.
• Deseables 6 meses de experiencia en el entorno call center: Experie",Analista de datos
MANDOMEDIO.COM,"$4,5 a $5,5 millones",Remoto,"importante compañía se encuentra en búsqueda de Analista de base de datos . Debe ser Profesional en administración de empresas, ingenierías o carreras afines. Como mínimo nivel de ingles B1 conversacional, escrito. Con 2 años de experiencia en análisis de información, minería de datos, recopilación de bases. Con conocimientos en análisis de medidas de desempeño e indicadores de calidad. Producción de información..."," sobre mermas, desperdicios, ventas de productos y rendimiento operativo. Producción de alimentos frescos y matrices de asignación de conjuntos de barras. Nivel de excel avanzado con conocimiento en formulas on sumifs, countifs, fórmulas de tipo vlookups. Contrato directamente con la compañía a termino indefinido horario de Lunes a Viernes de 8:00 am- 5:00 pm salario a convenir por la empresa con todas las prestaciones de ley, trabajo hibrido. Si estas interesado y cumples con los requisitos postúlate nos pondremos en contacto contigo.

Si te encuentras fuera de la ciudad de Bogotá el primer mes de trabajo se deberá tener disponibilidad de traslado a Bogotá para procesos de capacitación e inducción, todo lo relacionado con viáticos (hospedaje, alimentación y transporte) serán pagos.",Analista de datos
Empresa confidencial,"$4,5 a $5,5 millones",Bogotá,"En Banco Av Villas nos encontramos en búsqueda del mejor talento para la ciudad de Bogotá, para trabajar como analista de calidad de datos encargado de implementar las definiciones de la estrategia de calidad de los datos y actividades encaminadas a mejorar la calidad de la información en la entidad. coordinar y liderar la estrategia de remediación de datos, en conjunto con las estructuras de Dominio, recursos de..."," la OGI y los equipos de TI/seguridad de la información.
Profesional en carreras administrativas o ingeniería con experiencia mínima de 2 años en  Análisis de Información, Inteligencia de Negocios, Seguridad de Información, Arquitectura de Datos o Gestión de Requerimientos de Negocio en banca diseño e implementación de programas gestión de información o calidad de datos. Experiencia en definición de requerimientos de negocio para proyectos de gestión de información diseño/desarrollo de estándares/políticas de gobierno y calidad de datos. con las mejores prácticas, métodos y herramientas en Gobierno de Información y gestión de información.
Contrato a termino indefinido con excelentes beneficios.
Conocimiento del ciclo de vida de desarrollo de software.   
Trabajo hibrido
Salario 4.711.000 más prestaciones y beneficios",Analista de datos
CRISTINA HERRERA TALENTI S.A.S.,Salario a convenir,Bogotá,"Empresa multinacional del sector retail busca responsable por recolectar, analizar, interpretar y procesar diferentes tipos de datos del negocio, para proporcionar una visión integral del mismo, con oportunidades y amenazas que sean relevantes, proporcionando un entendimiento del entorno competitivo que afecta a nuestro negocio, incluyendo precios, datos de venta, de consumidor, de surtido y noticias relevantes del..."," sector.
Elaborar el Informe semanal de chequeo de precios
Consolidar la información que entrega el proveedor. Analizar, sacar insights, cruzar la información con los reportes de Nilsen y otras fuentes
Presentarse en el Comité de Semanal de Precios - Este comité es con el equipo Comercial.
Cruzar todas las investigaciones y fuentes de información, para generar análisis que contribuya a las estrategias de precios y surtido
Profesional en Economía, Administración, Ingenierías con mínimo 3 años de experiencia en cargos similares.
Con conocimientos de Mercadeo, “Data mining” y “Data Management”, “Data Analytics”, “Data science”,  Análisis de Mercado. 
Experiencia en el uso de lenguajes informáticos estadísticos (R, Python, SLQ, etc.) para manipular datos y extraer información de grandes conjuntos de datos, y creación y manejo de Dashboards de datos.
Inglés hablado y escrito, nivel medio.
Paquete Office",Analista de datos
Empresa confidencial,"$1 a $1,5 millones",Bogotá,"Importante empresa del sector educación, requiere para su equipo de trabajo estudiante universitario en semestre de práctica de estadística, matemáticas, ingeniería de sistemas o psicología, para desempeñar el cargo de estudiante universitario subdirección de estadísticas, con experiencia mínima de ninguna, con un salario de $ 1smlv. Horario: lunes a viernes 8:00 am - 5:00 pm.

Tipo de contrato:..."," aprendizaje.

 Funciones a realizar: 1. apoyar la producción de prototipos de resultados e informes de las diferentes pruebas y exámenes que realiza el icfes 2. participar en la elaboración de las guías metodológicas de interpretación de resultados de las pruebas realizadas por el icfes 3. apoyar el análisis de información para la generación de los informes de referenciación internacional. 4. procesar información y participar en la elaboración de informes técnicos sobre los distintos factores que intervienen en la calidad de la educación 5. participar en el diseño y selección de muestras para proyectos o estudios especiales que son de interés institucional 6. apoyar la elaboración de guías de estándares para el control de la calidad de la información 7. colaborar en los requerimientos de gestión técnica que le sean asignadas. 8. apoyar las actividades de muestreo, calificación, análisis de ítem y análisis estadístico. 9. desarrollar tareas que dentro del marco del objeto le sean asignadas. 

Lugar de trabajo: calle 26 # 69 - 76 torre fuego piso 16 Bogotá.",Asistente estadístico
MIBANCO,Salario a convenir,Bogotá,"¡Únete a la institución N°1 en microfinanzas de Latinoamérica y el Caribe y la N°2 a nivel mundial!
En Mibanco, el banco especializado en microfinanzas del Grupo Credicorp, tenemos el propósito de transformar las vidas de los colombianos a través de la inclusión financiera. Por ello, nos encontramos en búsqueda de una persona apasionada por el logro de metas, que le guste trabajar con los pequeños empresarios..."," del país.

¿Por qué trabajar con nosotros?

Trabajarás con los mejores equipos en un entorno diverso y dinámico. Ofrecemos sueldo competitivo y un excelente ambiente laboral: entretenido, dinámico y desafiante. Esperamos que puedas aprender y que nosotros también podamos aprender de ti.

Requisitos: Profesional en carreras administrativas, financieras o afines, deseable con postgrado en riesgos financieros. Con Mínimo de 3 años de experiencia en áreas de riesgo en el sector financiero y al menos 1 año en el proceso de riesgo de crédito. Importante experiencia en Cálculo de provisiones Norma Local y NIIF9

Funciones: Responsable del aseguramiento del cumplimiento normativo y corporativo en materia de Riesgo de Crédito. Así como el cumplimiento oportuno y preciso de reportes externos e internos y del desarrollo de herramientas de planeación estratégica 

Conocimientos Requeridos: 
Implementación del Sistema de Administración de Riesgo de Crédito • Interpretación y desarrollo de modelos estadísticos y/o econométricos • Manejo de bases de datos a través de lenguajes de programación (Python, R, SQL). • Excel avanzado, SPSS Modeler y Power B",Analista de datos
IQ Outsourcing,"$2 a $2,5 millones",Bogotá,"Buscamos tecnologos, esudiantes de 6 semestre en adelante o profesionales en ingenierías, administración o carreras afines, con conocimiento en herramientas y/o técnicas de transformación, análisis, modelado y visualización de datos. Experiencia mínima de 1 año en CENTROS DE CONTACTO en cargos que impliquen la manipulación, extracción y transformación de datos, construcción de indicadores, métricas, cuadros de mando..."," y metodologías agiles .

Deseable contar con conocimientos en POWER BI, EXCEL

Horario: Lunes a viernes (8:00AM - 6:00 PM).
Modalidad: teletrabajo.
Salario: Rango salarial 2.000.000 a 2.200.000. 
Tipo de contrato: obra labor",Analista de datos
